item_id,week,price,units_sold,weekly_revenue,weekly_profit
101,1,11.37,22,250.14,11.0
101,2,11.37,31,352.47,15.5
101,3,11.37,21,238.77,10.5
101,4,11.37,27,306.99,13.5
101,5,11.37,26,295.62,13.0
101,6,11.37,20,227.4,10.0
101,7,11.37,11,125.07,5.5
101,8,11.37,19,216.03,9.5
101,9,11.37,24,272.88,12.0
101,10,11.37,14,159.18,7.0
101,11,11.37,21,238.77,10.5
101,12,11.37,14,159.18,7.0
101,13,11.37,23,261.51,11.5
101,14,11.37,25,284.25,12.5
101,15,11.37,21,238.77,10.5
101,16,11.37,33,375.21,16.5
101,17,11.37,16,181.92,8.0
101,18,11.37,15,170.55,7.5
101,19,11.37,11,125.07,5.5
101,20,11.37,24,272.88,12.0
101,21,11.37,23,261.51,11.5
101,22,11.37,21,238.77,10.5
101,23,11.37,18,204.66,9.0
101,24,11.37,29,329.73,14.5
101,25,11.37,12,136.44,6.0
101,26,11.37,20,227.4,10.0
101,27,11.37,26,295.62,13.0
101,28,11.37,28,318.36,14.0
101,29,11.37,21,238.77,10.5
101,30,11.37,28,318.36,14.0
101,31,11.37,21,238.77,10.5
101,32,11.37,15,170.55,7.5
101,33,11.37,30,341.1,15.0
101,34,11.37,28,318.36,14.0
101,35,11.37,19,216.03,9.5
101,36,11.37,32,363.84,16.0
101,37,11.37,32,363.84,16.0
101,38,11.37,27,306.99,13.5
101,39,11.37,21,238.77,10.5
101,40,11.37,11,125.07,5.5
101,41,11.37,25,284.25,12.5
101,42,11.37,19,216.03,9.5
101,43,11.37,19,216.03,9.5
101,44,11.37,24,272.88,12.0
101,45,11.37,25,284.25,12.5
101,46,11.37,28,318.36,14.0
101,47,11.37,20,227.4,10.0
101,48,11.37,14,159.18,7.0
101,49,11.37,24,272.88,12.0
101,50,11.37,21,238.77,10.5
101,51,11.37,20,227.4,10.0
101,52,11.37,18,204.66,9.0
102,1,12.97,123,1595.31,1043.04
102,2,13.96,104,1451.84,984.88
102,3,13.13,112,1470.56,967.68
102,4,11.78,133,1566.74,969.57
102,5,11.99,175,2098.25,1312.5
102,6,11.68,140,1635.2,1006.6
102,7,11.96,109,1303.64,814.23
102,8,12.93,130,1680.9,1097.2
102,9,13.33,94,1253.02,830.96
102,10,13.78,78,1074.84,724.62
102,11,13.25,152,2014.0,1331.52
102,12,12.13,118,1431.34,901.52
102,13,12.01,120,1441.2,902.4
102,14,11.17,143,1597.31,955.24
102,15,11.57,145,1677.65,1026.6
102,16,12.16,156,1896.96,1196.52
102,17,12.74,113,1439.62,932.25
102,18,13.56,84,1139.04,761.88
102,19,13.12,137,1797.44,1182.31
102,20,11.9,135,1606.5,1000.35
102,21,12.07,143,1726.01,1083.94
102,22,11.29,116,1309.64,788.8
102,23,12.17,133,1618.61,1021.44
102,24,12.59,128,1611.52,1036.8
102,25,12.78,123,1571.94,1019.67
102,26,13.36,97,1295.92,860.39
102,27,13.73,113,1551.49,1044.12
102,28,12.05,141,1699.05,1065.96
102,29,11.6,150,1740.0,1066.5
102,30,12.18,112,1364.16,861.28
102,31,12.33,133,1639.89,1042.72
102,32,12.81,153,1959.93,1272.96
102,33,12.94,102,1319.88,861.9
102,34,12.92,101,1304.92,851.43
102,35,13.0,121,1573.0,1029.71
102,36,12.6,136,1713.6,1102.96
102,37,11.97,157,1879.29,1174.36
102,38,11.65,185,2155.25,1324.6
102,39,12.2,111,1354.2,855.81
102,40,12.1,137,1657.7,1042.57
102,41,12.95,129,1670.55,1091.34
102,42,13.43,107,1437.01,956.58
102,43,12.71,92,1169.32,756.24
102,44,12.33,141,1738.53,1105.44
102,45,12.05,106,1277.3,801.36
102,46,11.81,140,1653.4,1024.8
102,47,11.64,138,1606.32,986.7
102,48,12.52,101,1264.52,811.03
102,49,13.16,123,1618.68,1066.41
102,50,13.66,125,1707.5,1146.25
102,51,12.51,105,1313.55,842.1
102,52,12.69,129,1637.01,1057.8
103,1,12.82,15,192.3,7.5
103,2,12.82,10,128.2,5.0
103,3,12.82,9,115.38,4.5
103,4,12.82,9,115.38,4.5
103,5,12.82,8,102.56,4.0
103,6,12.82,8,102.56,4.0
103,7,12.82,5,64.1,2.5
103,8,12.82,5,64.1,2.5
103,9,12.82,10,128.2,5.0
103,10,12.82,6,76.92,3.0
103,11,12.82,9,115.38,4.5
103,12,12.82,8,102.56,4.0
103,13,12.82,7,89.74,3.5
103,14,12.82,9,115.38,4.5
103,15,12.82,8,102.56,4.0
103,16,12.82,10,128.2,5.0
103,17,12.82,8,102.56,4.0
103,18,12.82,10,128.2,5.0
103,19,12.82,7,89.74,3.5
103,20,12.82,7,89.74,3.5
103,21,12.82,9,115.38,4.5
103,22,12.82,10,128.2,5.0
103,23,12.82,10,128.2,5.0
103,24,12.82,7,89.74,3.5
103,25,12.82,7,89.74,3.5
103,26,12.82,9,115.38,4.5
103,27,12.82,8,102.56,4.0
103,28,12.82,6,76.92,3.0
103,29,12.82,6,76.92,3.0
103,30,12.82,6,76.92,3.0
103,31,12.82,8,102.56,4.0
103,32,12.82,6,76.92,3.0
103,33,12.82,8,102.56,4.0
103,34,12.82,9,115.38,4.5
103,35,12.82,7,89.74,3.5
103,36,12.82,7,89.74,3.5
103,37,12.82,9,115.38,4.5
103,38,12.82,6,76.92,3.0
103,39,12.82,5,64.1,2.5
103,40,12.82,9,115.38,4.5
103,41,12.82,7,89.74,3.5
103,42,12.82,7,89.74,3.5
103,43,12.82,10,128.2,5.0
103,44,12.82,7,89.74,3.5
103,45,12.82,9,115.38,4.5
103,46,12.82,9,115.38,4.5
103,47,12.82,7,89.74,3.5
103,48,12.82,9,115.38,4.5
103,49,12.82,8,102.56,4.0
103,50,12.82,7,89.74,3.5
103,51,12.82,8,102.56,4.0
103,52,12.82,10,128.2,5.0
104,1,11.74,16,187.84,86.08
104,2,12.09,13,157.17,74.49
104,3,11.69,13,151.97,69.29
104,4,11.11,15,166.65,71.25
104,5,10.57,18,190.26,75.78
104,6,10.07,23,231.61,85.33
104,7,10.2,15,153.0,57.6
104,8,11.38,16,182.08,80.32
104,9,11.67,15,175.05,79.65
104,10,11.66,12,139.92,63.6
104,11,11.49,13,149.37,66.69
104,12,11.32,14,158.48,69.44
104,13,10.26,17,174.42,66.3
104,14,10.48,15,157.2,61.8
104,15,10.26,18,184.68,70.2
104,16,11.08,14,155.12,66.08
104,17,11.31,15,169.65,74.25
104,18,11.18,12,134.16,57.84
104,19,11.23,14,157.22,68.18
104,20,11.1,19,210.9,90.06
104,21,10.82,16,173.12,71.36
104,22,10.33,15,154.95,59.55
104,23,10.53,16,168.48,66.72
104,24,11.11,13,144.43,61.75
104,25,11.64,18,209.52,95.04
104,26,11.62,15,174.3,78.9
104,27,11.69,13,151.97,69.29
104,28,11.07,15,166.05,70.65
104,29,10.57,15,158.55,63.15
104,30,10.35,18,186.3,71.82
104,31,11.01,18,198.18,83.7
104,32,11.71,12,140.52,64.2
104,33,11.75,14,164.5,75.46
104,34,12.38,10,123.8,60.2
104,35,11.19,14,156.66,67.62
104,36,10.3,16,164.8,63.04
104,37,10.28,18,185.04,70.56
104,38,10.45,21,219.45,85.89
104,39,10.85,15,162.75,67.35
104,40,10.7,17,181.9,73.78
104,41,11.03,20,220.6,93.4
104,42,12.05,12,144.6,68.28
104,43,10.9,19,207.1,86.26
104,44,10.96,18,197.28,82.8
104,45,10.01,16,160.16,58.4
104,46,10.34,17,175.78,67.66
104,47,10.38,18,186.84,72.36
104,48,10.65,16,170.4,68.64
104,49,11.51,15,172.65,77.25
104,50,11.89,11,130.79,60.83
104,51,10.96,19,208.24,87.4
104,52,11.11,13,144.43,61.75
105,1,16.36,62,1014.32,31.0
105,2,16.36,62,1014.32,31.0
105,3,16.36,84,1374.24,42.0
105,4,16.36,74,1210.64,37.0
105,5,16.36,79,1292.44,39.5
105,6,16.36,70,1145.2,35.0
105,7,16.36,37,605.32,18.5
105,8,16.36,33,539.88,16.5
105,9,16.36,70,1145.2,35.0
105,10,16.36,62,1014.32,31.0
105,11,16.36,42,687.12,21.0
105,12,16.36,60,981.6,30.0
105,13,16.36,60,981.6,30.0
105,14,16.36,59,965.24,29.5
105,15,16.36,70,1145.2,35.0
105,16,16.36,48,785.28,24.0
105,17,16.36,46,752.56,23.0
105,18,16.36,74,1210.64,37.0
105,19,16.36,67,1096.12,33.5
105,20,16.36,50,818.0,25.0
105,21,16.36,47,768.92,23.5
105,22,16.36,44,719.84,22.0
105,23,16.36,61,997.96,30.5
105,24,16.36,64,1047.04,32.0
105,25,16.36,58,948.88,29.0
105,26,16.36,71,1161.56,35.5
105,27,16.36,53,867.08,26.5
105,28,16.36,29,474.44,14.5
105,29,16.36,79,1292.44,39.5
105,30,16.36,57,932.52,28.5
105,31,16.36,65,1063.4,32.5
105,32,16.36,76,1243.36,38.0
105,33,16.36,48,785.28,24.0
105,34,16.36,63,1030.68,31.5
105,35,16.36,41,670.76,20.5
105,36,16.36,46,752.56,23.0
105,37,16.36,73,1194.28,36.5
105,38,16.36,81,1325.16,40.5
105,39,16.36,49,801.64,24.5
105,40,16.36,68,1112.48,34.0
105,41,16.36,58,948.88,29.0
105,42,16.36,42,687.12,21.0
105,43,16.36,86,1406.96,43.0
105,44,16.36,68,1112.48,34.0
105,45,16.36,54,883.44,27.0
105,46,16.36,49,801.64,24.5
105,47,16.36,49,801.64,24.5
105,48,16.36,60,981.6,30.0
105,49,16.36,48,785.28,24.0
105,50,16.36,71,1161.56,35.5
105,51,16.36,47,768.92,23.5
105,52,16.36,71,1161.56,35.5
106,1,12.86,37,475.82,18.5
106,2,12.86,37,475.82,18.5
106,3,12.86,24,308.64,12.0
106,4,12.86,34,437.24,17.0
106,5,12.86,29,372.94,14.5
106,6,12.86,25,321.5,12.5
106,7,12.86,27,347.22,13.5
106,8,12.86,34,437.24,17.0
106,9,12.86,32,411.52,16.0
106,10,13.08,30,392.4,21.6
106,11,12.86,28,360.08,14.0
106,12,12.86,42,540.12,21.0
106,13,12.86,29,372.94,14.5
106,14,12.86,33,424.38,16.5
106,15,12.86,31,398.66,15.5
106,16,12.86,33,424.38,16.5
106,17,12.93,35,452.55,19.95
106,18,12.86,32,411.52,16.0
106,19,12.86,32,411.52,16.0
106,20,12.86,32,411.52,16.0
106,21,12.86,46,591.56,23.0
106,22,12.86,32,411.52,16.0
106,23,12.86,32,411.52,16.0
106,24,12.86,28,360.08,14.0
106,25,12.86,32,411.52,16.0
106,26,12.86,43,552.98,21.5
106,27,12.86,33,424.38,16.5
106,28,12.86,21,270.06,10.5
106,29,12.86,38,488.68,19.0
106,30,12.86,40,514.4,20.0
106,31,12.86,32,411.52,16.0
106,32,12.86,47,604.42,23.5
106,33,12.86,35,450.1,17.5
106,34,12.86,29,372.94,14.5
106,35,12.86,29,372.94,14.5
106,36,12.86,31,398.66,15.5
106,37,12.86,36,462.96,18.0
106,38,12.86,31,398.66,15.5
106,39,12.86,28,360.08,14.0
106,40,12.86,36,462.96,18.0
106,41,12.86,29,372.94,14.5
106,42,13.03,41,534.23,27.47
106,43,12.86,45,578.7,22.5
106,44,12.86,27,347.22,13.5
106,45,12.86,42,540.12,21.0
106,46,12.86,34,437.24,17.0
106,47,12.86,28,360.08,14.0
106,48,12.88,35,450.8,18.2
106,49,12.86,38,488.68,19.0
106,50,12.89,35,451.15,18.55
106,51,12.86,37,475.82,18.5
106,52,12.86,42,540.12,21.0
107,1,15.26,65,991.9,445.9
107,2,14.42,78,1124.76,469.56
107,3,14.62,92,1345.04,572.24
107,4,13.29,111,1475.19,542.79
107,5,13.34,86,1147.24,424.84
107,6,12.73,77,980.21,333.41
107,7,13.75,88,1210.0,470.8
107,8,13.46,74,996.04,374.44
107,9,14.45,101,1459.45,611.05
107,10,14.73,58,854.34,367.14
107,11,14.49,76,1101.24,462.84
107,12,12.87,95,1222.65,424.65
107,13,13.31,100,1331.0,491.0
107,14,13.94,99,1380.06,548.46
107,15,13.29,78,1036.62,381.42
107,16,15.08,74,1115.92,494.32
107,17,14.6,78,1138.8,483.6
107,18,14.92,73,1089.16,475.96
107,19,14.35,74,1061.9,440.3
107,20,13.99,77,1077.23,430.43
107,21,13.11,95,1245.45,447.45
107,22,13.05,113,1474.65,525.45
107,23,12.29,116,1425.64,451.24
107,24,14.52,53,769.56,324.36
107,25,14.45,75,1083.75,453.75
107,26,14.25,72,1026.0,421.2
107,27,14.13,105,1483.65,601.65
107,28,14.39,96,1381.44,575.04
107,29,13.71,73,1000.83,387.63
107,30,12.94,102,1319.88,463.08
107,31,12.89,105,1353.45,471.45
107,32,13.9,81,1125.9,445.5
107,33,14.89,80,1191.2,519.2
107,34,14.69,92,1351.48,578.68
107,35,14.14,91,1286.74,522.34
107,36,14.25,78,1111.5,456.3
107,37,13.54,73,988.42,375.22
107,38,13.55,87,1178.85,448.05
107,39,13.19,106,1398.14,507.74
107,40,13.7,70,959.0,371.0
107,41,13.94,93,1296.42,515.22
107,42,14.3,103,1472.9,607.7
107,43,13.72,109,1495.48,579.88
107,44,14.09,82,1155.38,466.58
107,45,13.18,98,1291.64,468.44
107,46,13.14,107,1405.98,507.18
107,47,13.45,92,1237.4,464.6
107,48,13.85,85,1177.25,463.25
107,49,14.72,55,809.6,347.6
107,50,14.27,91,1298.57,534.17
107,51,14.67,75,1100.25,470.25
107,52,14.01,89,1246.89,499.29
108,1,10.26,88,902.88,118.8
108,2,10.66,79,842.14,138.25
108,3,10.55,69,727.95,113.16
108,4,10.31,107,1103.17,149.8
108,5,9.65,126,1215.9,93.24
108,6,9.9,123,1217.7,121.77
108,7,9.41,95,893.95,47.5
108,8,9.81,109,1069.29,98.1
108,9,10.58,84,888.72,140.28
108,10,10.66,82,874.12,143.5
108,11,10.24,79,808.96,105.07
108,12,9.72,88,855.36,71.28
108,13,9.41,132,1242.12,66.0
108,14,9.41,156,1467.96,78.0
108,15,9.72,113,1098.36,91.53
108,16,9.74,120,1168.8,99.6
108,17,10.25,103,1055.75,138.02
108,18,11.37,80,909.6,196.8
108,19,10.77,81,872.37,150.66
108,20,9.99,133,1328.67,143.64
108,21,9.41,143,1345.63,71.5
108,22,9.61,103,989.83,72.1
108,23,9.77,124,1211.48,106.64
108,24,10.19,77,784.63,98.56
108,25,10.21,98,1000.58,127.4
108,26,10.58,105,1110.9,175.35
108,27,10.48,76,796.48,119.32
108,28,10.11,113,1142.43,135.6
108,29,9.74,126,1227.24,104.58
108,30,9.65,118,1138.7,87.32
108,31,9.55,86,821.3,55.04
108,32,10.13,106,1073.78,129.32
108,33,10.51,76,798.76,121.6
108,34,10.28,117,1202.76,160.29
108,35,10.41,109,1134.69,163.5
108,36,10.01,105,1051.05,115.5
108,37,9.86,99,976.14,94.05
108,38,9.43,107,1009.01,55.64
108,39,9.45,109,1030.05,58.86
108,40,10.07,96,966.72,111.36
108,41,10.8,77,831.6,145.53
108,42,10.54,89,938.06,145.07
108,43,10.86,94,1020.84,183.3
108,44,10.31,76,783.56,106.4
108,45,9.66,125,1207.5,93.75
108,46,9.42,132,1243.44,67.32
108,47,9.42,137,1290.54,69.87
108,48,10.69,88,940.72,156.64
108,49,10.29,123,1265.67,169.74
108,50,11.07,79,874.53,170.64
108,51,10.3,96,988.8,133.44
108,52,9.6,97,931.2,66.93
109,1,9.62,63,606.06,180.81
109,2,10.06,69,694.14,228.39
109,3,10.34,52,537.68,186.68
109,4,9.78,67,655.26,203.01
109,5,9.08,84,762.72,195.72
109,6,8.61,87,749.07,161.82
109,7,9.14,82,749.48,195.98
109,8,9.58,98,938.84,277.34
109,9,9.72,64,622.08,190.08
109,10,9.89,62,613.18,194.68
109,11,9.72,83,806.76,246.51
109,12,9.9,62,613.8,195.3
109,13,8.86,85,753.1,179.35
109,14,8.77,87,762.99,175.74
109,15,9.15,60,549.0,144.0
109,16,9.94,87,864.78,277.53
109,17,9.73,66,642.18,196.68
109,18,10.15,69,700.35,234.6
109,19,10.09,88,887.92,293.92
109,20,9.45,64,604.8,172.8
109,21,8.7,73,635.1,142.35
109,22,8.92,98,874.16,212.66
109,23,8.95,81,724.95,178.2
109,24,9.5,85,807.5,233.75
109,25,10.62,54,573.48,208.98
109,26,9.93,79,784.47,251.22
109,27,10.1,86,868.6,288.1
109,28,9.67,67,647.89,195.64
109,29,9.27,87,806.49,219.24
109,30,9.16,82,751.12,197.62
109,31,9.4,86,808.4,227.9
109,32,9.89,75,741.75,235.5
109,33,9.86,70,690.2,217.7
109,34,10.41,54,562.14,197.64
109,35,10.01,63,630.63,205.38
109,36,9.51,86,817.86,237.36
109,37,9.15,77,704.55,184.8
109,38,8.54,91,777.14,162.89
109,39,9.28,98,909.44,247.94
109,40,9.41,76,715.16,202.16
109,41,9.97,84,837.48,270.48
109,42,10.04,70,702.8,230.3
109,43,10.08,68,685.44,226.44
109,44,9.37,76,712.12,199.12
109,45,9.4,62,582.8,164.3
109,46,8.97,71,636.87,157.62
109,47,9.44,57,538.08,153.33
109,48,9.34,78,728.52,202.02
109,49,10.35,62,641.7,223.2
109,50,9.91,88,872.08,278.08
109,51,9.49,49,465.01,134.26
109,52,9.63,66,635.58,190.08
110,1,13.15,117,1538.55,1309.23
110,2,13.88,89,1235.32,1060.88
110,3,13.05,121,1579.05,1341.89
110,4,13.25,103,1364.75,1162.87
110,5,13.17,88,1158.96,986.48
110,6,11.63,111,1290.93,1073.37
110,7,12.43,118,1466.74,1235.46
110,8,12.91,114,1471.74,1248.3
110,9,13.06,130,1697.8,1443.0
110,10,13.75,117,1608.75,1379.43
110,11,13.69,107,1464.83,1255.11
110,12,13.22,112,1480.64,1261.12
110,13,12.7,132,1676.4,1417.68
110,14,12.3,126,1549.8,1302.84
110,15,12.41,137,1700.17,1431.65
110,16,12.74,139,1770.86,1498.42
110,17,13.54,79,1069.66,914.82
110,18,13.83,88,1217.04,1044.56
110,19,13.88,88,1221.44,1048.96
110,20,12.83,79,1013.57,858.73
110,21,12.27,76,932.52,783.56
110,22,11.6,135,1566.0,1301.4
110,23,12.75,117,1491.75,1262.43
110,24,12.62,111,1400.82,1183.26
110,25,13.55,83,1124.65,961.97
110,26,14.37,107,1537.59,1327.87
110,27,13.47,103,1387.41,1185.53
110,28,13.08,74,967.92,822.88
110,29,12.35,103,1272.05,1070.17
110,30,11.83,116,1372.28,1144.92
110,31,13.15,116,1525.4,1298.04
110,32,12.78,119,1520.82,1287.58
110,33,14.1,111,1565.1,1347.54
110,34,13.8,88,1214.4,1041.92
110,35,13.82,105,1451.1,1245.3
110,36,13.35,114,1521.9,1298.46
110,37,12.86,100,1286.0,1090.0
110,38,12.73,114,1451.22,1227.78
110,39,13.26,94,1246.44,1062.2
110,40,13.68,103,1409.04,1207.16
110,41,13.3,96,1276.8,1088.64
110,42,13.66,107,1461.62,1251.9
110,43,13.76,90,1238.4,1062.0
110,44,12.99,142,1844.58,1566.26
110,45,13.12,113,1482.56,1261.08
110,46,12.23,118,1443.14,1211.86
110,47,12.69,94,1192.86,1008.62
110,48,12.9,82,1057.8,897.08
110,49,13.71,110,1508.1,1292.5
110,50,13.59,127,1725.93,1477.01
110,51,13.07,83,1084.81,922.13
110,52,13.09,123,1610.07,1368.99
201,1,30.6,118,3610.8,2470.92
201,2,30.59,125,3823.75,2616.25
201,3,29.04,150,4356.0,2907.0
201,4,28.55,108,3083.4,2040.12
201,5,28.05,165,4628.25,3034.35
201,6,25.79,159,4100.61,2564.67
201,7,27.23,149,4057.27,2617.93
201,8,27.54,130,3580.2,2324.4
201,9,29.17,155,4521.35,3024.05
201,10,30.14,122,3677.08,2498.56
201,11,29.84,61,1820.24,1230.98
201,12,28.96,85,2461.6,1640.5
201,13,26.51,108,2863.08,1819.8
201,14,25.23,155,3910.65,2413.35
201,15,26.42,135,3566.7,2262.6
201,16,27.96,130,3634.8,2379.0
201,17,29.25,92,2691.0,1802.28
201,18,30.52,101,3082.52,2106.86
201,19,27.88,114,3178.32,2077.08
201,20,29.26,131,3833.06,2567.6
201,21,26.52,122,3235.44,2056.92
201,22,26.05,168,4376.4,2753.52
201,23,27.13,133,3608.29,2323.51
201,24,28.87,122,3522.14,2343.62
201,25,28.97,114,3302.58,2201.34
201,26,29.62,113,3347.06,2255.48
201,27,29.8,114,3397.2,2295.96
201,28,28.62,117,3348.54,2218.32
201,29,26.88,90,2419.2,1549.8
201,30,27.09,132,3575.88,2300.76
201,31,27.65,70,1935.5,1259.3
201,32,29.75,111,3302.25,2229.99
201,33,30.12,93,2801.16,1902.78
201,34,30.19,92,2777.48,1888.76
201,35,28.66,153,4384.98,2907.0
201,36,27.84,126,3507.84,2290.68
201,37,27.54,133,3662.82,2378.04
201,38,26.45,135,3570.75,2266.65
201,39,28.83,117,3373.11,2242.89
201,40,28.17,140,3943.8,2591.4
201,41,30.12,133,4005.96,2721.18
201,42,30.22,91,2750.02,1870.96
201,43,30.56,89,2719.84,1860.1
201,44,28.25,125,3531.25,2323.75
201,45,26.76,152,4067.52,2599.2
201,46,26.59,155,4121.45,2624.15
201,47,28.17,147,4140.99,2720.97
201,48,27.79,158,4390.82,2864.54
201,49,30.19,106,3200.14,2176.18
201,50,30.18,141,4255.38,2893.32
201,51,28.94,160,4630.4,3084.8
201,52,27.87,143,3985.41,2604.03
202,1,17.11,97,1659.67,569.39
202,2,16.95,79,1339.05,451.09
202,3,17.99,81,1457.19,546.75
202,4,16.01,75,1200.75,357.75
202,5,15.48,88,1362.24,373.12
202,6,16.32,114,1860.48,579.12
202,7,15.46,135,2087.1,569.7
202,8,16.99,93,1580.07,534.75
202,9,15.96,133,2122.68,627.76
202,10,16.8,77,1293.6,428.12
202,11,17.71,113,2001.23,731.11
202,12,17.19,91,1564.29,541.45
202,13,16.09,100,1609.0,485.0
202,14,15.89,94,1493.66,437.1
202,15,15.85,89,1410.65,410.29
202,16,16.13,85,1371.05,415.65
202,17,16.36,86,1406.96,440.32
202,18,17.0,70,1190.0,403.2
202,19,17.29,101,1746.29,611.05
202,20,16.95,64,1084.8,365.44
202,21,15.31,105,1607.55,427.35
202,22,15.02,91,1366.82,343.98
202,23,16.07,76,1221.32,367.08
202,24,16.55,69,1141.95,366.39
202,25,16.9,89,1504.1,503.74
202,26,16.7,92,1536.4,502.32
202,27,17.19,91,1564.29,541.45
202,28,16.61,104,1727.44,558.48
202,29,15.86,84,1332.24,388.08
202,30,15.57,99,1541.43,428.67
202,31,15.82,91,1439.62,416.78
202,32,16.15,80,1292.0,392.8
202,33,16.51,110,1816.1,579.7
202,34,16.87,76,1282.12,427.88
202,35,16.84,97,1633.48,543.2
202,36,16.35,104,1700.4,531.44
202,37,15.47,96,1485.12,406.08
202,38,15.1,122,1842.2,470.92
202,39,15.21,97,1475.37,385.09
202,40,16.81,91,1529.71,506.87
202,41,17.11,82,1403.02,481.34
202,42,17.51,80,1400.8,501.6
202,43,17.68,110,1944.8,708.4
202,44,16.22,84,1362.48,418.32
202,45,15.76,138,2174.88,623.76
202,46,15.11,129,1949.19,499.23
202,47,16.63,92,1529.96,495.88
202,48,16.78,120,2013.6,664.8
202,49,17.01,95,1615.95,548.15
202,50,17.2,83,1427.6,494.68
202,51,16.88,82,1384.16,462.48
202,52,16.52,90,1486.8,475.2
203,1,27.29,83,2265.07,1219.27
203,2,27.82,115,3199.3,1750.3
203,3,25.55,116,2963.8,1502.2
203,4,26.96,89,2399.44,1278.04
203,5,26.2,114,2986.8,1550.4
203,6,23.89,115,2747.35,1298.35
203,7,25.33,112,2836.96,1425.76
203,8,26.42,95,2509.9,1312.9
203,9,27.24,85,2315.4,1244.4
203,10,27.47,91,2499.77,1353.17
203,11,26.53,111,2944.83,1546.23
203,12,26.85,101,2711.85,1439.25
203,13,24.04,96,2307.84,1098.24
203,14,25.39,98,2488.22,1253.42
203,15,26.71,98,2617.58,1382.78
203,16,26.15,90,2353.5,1219.5
203,17,27.21,89,2421.69,1300.29
203,18,28.11,103,2895.33,1597.53
203,19,26.49,74,1960.26,1027.86
203,20,24.57,106,2604.42,1268.82
203,21,24.04,70,1682.8,800.8
203,22,24.74,134,3315.16,1626.76
203,23,24.89,110,2737.9,1351.9
203,24,26.06,93,2423.58,1251.78
203,25,27.82,86,2392.52,1308.92
203,26,27.77,94,2610.38,1425.98
203,27,26.58,107,2844.06,1495.86
203,28,25.86,84,2172.24,1113.84
203,29,25.32,84,2126.88,1068.48
203,30,24.46,99,2421.54,1174.14
203,31,25.74,102,2625.48,1340.28
203,32,25.98,106,2753.88,1418.28
203,33,28.19,97,2734.43,1512.23
203,34,27.57,72,1985.04,1077.84
203,35,26.27,90,2364.3,1230.3
203,36,25.52,93,2373.36,1201.56
203,37,24.94,105,2618.7,1295.7
203,38,24.39,106,2585.34,1249.74
203,39,24.95,70,1746.5,864.5
203,40,25.27,95,2400.65,1203.65
203,41,26.16,103,2694.48,1396.68
203,42,28.75,105,3018.75,1695.75
203,43,26.94,113,3044.22,1620.42
203,44,26.12,104,2716.48,1406.08
203,45,24.42,110,2686.2,1300.2
203,46,24.14,117,2824.38,1350.18
203,47,25.02,112,2802.24,1391.04
203,48,26.34,125,3292.5,1717.5
203,49,27.84,82,2282.88,1249.68
203,50,25.57,124,3170.68,1608.28
203,51,26.04,106,2760.24,1424.64
203,52,25.09,86,2157.74,1074.14
204,1,23.29,148,3446.92,1170.68
204,2,22.94,88,2018.72,665.28
204,3,22.57,146,3295.22,1049.74
204,4,21.02,154,3237.08,868.56
204,5,21.06,161,3390.66,914.48
204,6,20.76,134,2781.84,720.92
204,7,21.86,141,3082.26,913.68
204,8,21.98,126,2769.48,831.6
204,9,22.64,122,2762.08,885.72
204,10,23.21,166,3852.86,1299.78
204,11,22.03,94,2070.82,625.1
204,12,22.97,115,2641.55,872.85
204,13,20.63,152,3135.76,798.0
204,14,20.28,169,3427.32,828.1
204,15,21.51,118,2538.18,723.34
204,16,23.42,104,2435.68,836.16
204,17,23.42,121,2833.82,972.84
204,18,24.18,140,3385.2,1232.0
204,19,22.95,105,2409.75,794.85
204,20,22.3,110,2453.0,761.2
204,21,22.4,125,2800.0,877.5
204,22,20.44,138,2820.72,698.28
204,23,20.18,118,2381.24,566.4
204,24,22.79,107,2438.53,792.87
204,25,22.24,133,2957.92,912.38
204,26,24.1,125,3012.5,1090.0
204,27,23.59,100,2359.0,821.0
204,28,21.06,158,3327.48,897.44
204,29,20.85,127,2647.95,694.69
204,30,21.56,138,2975.28,852.84
204,31,21.37,169,3611.53,1012.31
204,32,21.58,144,3107.52,892.8
204,33,22.97,123,2825.31,933.57
204,34,24.33,119,2895.27,1065.05
204,35,23.29,136,3167.44,1075.76
204,36,21.76,110,2393.6,701.8
204,37,20.38,98,1997.24,490.0
204,38,22.04,104,2292.16,692.64
204,39,20.92,126,2635.92,698.04
204,40,22.2,138,3063.6,941.16
204,41,23.5,104,2444.0,844.48
204,42,23.21,122,2831.62,955.26
204,43,22.77,150,3415.5,1108.5
204,44,22.32,155,3459.6,1075.7
204,45,21.5,169,3633.5,1034.28
204,46,20.8,128,2662.4,693.76
204,47,21.33,136,2900.88,809.2
204,48,21.65,157,3399.05,984.39
204,49,23.75,131,3111.25,1096.47
204,50,23.52,164,3857.28,1334.96
204,51,23.09,184,4248.56,1418.64
204,52,22.37,108,2415.96,754.92
205,1,20.77,10,207.7,170.4
205,2,21.42,10,214.2,176.9
205,3,20.25,8,162.0,132.16
205,4,19.38,9,174.42,140.85
205,5,18.33,11,201.63,160.6
205,6,19.31,11,212.41,171.38
205,7,17.97,11,197.67,156.64
205,8,20.2,9,181.8,148.23
205,9,20.25,10,202.5,165.2
205,10,20.21,11,222.31,181.28
205,11,20.26,9,182.34,148.77
205,12,18.98,8,151.84,122.0
205,13,19.1,8,152.8,122.96
205,14,19.34,8,154.72,124.88
205,15,18.8,10,188.0,150.7
205,16,18.67,7,130.69,104.58
205,17,19.43,10,194.3,157.0
205,18,20.35,12,244.2,199.44
205,19,20.0,9,180.0,146.43
205,20,20.4,11,224.4,183.37
205,21,19.88,10,198.8,161.5
205,22,18.93,10,189.3,152.0
205,23,19.13,8,153.04,123.2
205,24,19.02,9,171.18,137.61
205,25,20.23,8,161.84,132.0
205,26,21.08,9,189.72,156.15
205,27,20.38,10,203.8,166.5
205,28,18.83,9,169.47,135.9
205,29,18.25,7,127.75,101.64
205,30,18.28,9,164.52,130.95
205,31,19.56,10,195.6,158.3
205,32,18.9,11,207.9,166.87
205,33,21.04,9,189.36,155.79
205,34,20.54,7,143.78,117.67
205,35,20.11,10,201.1,163.8
205,36,20.6,10,206.0,168.7
205,37,18.39,8,147.12,117.28
205,38,18.41,7,128.87,102.76
205,39,18.86,9,169.74,136.17
205,40,19.23,7,134.61,108.5
205,41,20.63,8,165.04,135.2
205,42,19.99,5,99.95,81.3
205,43,20.31,11,223.41,182.38
205,44,20.47,9,184.23,150.66
205,45,18.32,11,201.52,160.49
205,46,17.75,11,195.25,154.22
205,47,19.12,12,229.44,184.68
205,48,19.44,10,194.4,157.1
205,49,19.81,9,178.29,144.72
205,50,20.54,10,205.4,168.1
205,51,20.86,8,166.88,137.04
205,52,20.37,9,183.33,149.76
206,1,17.71,48,850.08,529.92
206,2,16.78,62,1040.36,626.82
206,3,18.1,51,923.1,582.93
206,4,17.03,59,1004.77,611.24
206,5,15.48,56,866.88,493.36
206,6,16.39,48,786.72,466.56
206,7,16.43,47,772.21,458.72
206,8,17.24,55,948.2,581.35
206,9,16.9,64,1081.6,654.72
206,10,17.65,48,847.2,527.04
206,11,17.82,55,980.1,613.25
206,12,16.48,50,824.0,490.5
206,13,16.5,54,891.0,530.82
206,14,16.07,48,771.36,451.2
206,15,15.86,51,808.86,468.69
206,16,16.45,28,460.6,273.84
206,17,17.94,53,950.82,597.31
206,18,16.81,41,689.21,415.74
206,19,18.04,61,1100.44,693.57
206,20,17.01,43,731.43,444.62
206,21,16.19,60,971.4,571.2
206,22,15.65,46,719.9,413.08
206,23,16.03,44,705.32,411.84
206,24,17.06,60,1023.6,623.4
206,25,17.89,44,787.16,493.68
206,26,17.87,35,625.45,392.0
206,27,18.17,45,817.65,517.5
206,28,16.91,72,1217.52,737.28
206,29,16.43,44,722.92,429.44
206,30,15.76,59,929.84,536.31
206,31,16.34,39,637.26,377.13
206,32,17.47,42,733.74,453.6
206,33,18.68,52,971.36,624.52
206,34,17.79,56,996.24,622.72
206,35,17.76,53,941.28,587.77
206,36,17.25,42,724.5,444.36
206,37,15.95,58,925.1,538.24
206,38,15.81,48,758.88,438.72
206,39,15.79,54,852.66,492.48
206,40,18.05,38,685.9,432.44
206,41,17.73,57,1010.61,630.42
206,42,17.98,49,881.02,554.19
206,43,17.18,51,876.18,536.01
206,44,16.9,63,1064.7,644.49
206,45,16.88,75,1266.0,765.75
206,46,16.28,60,976.8,576.6
206,47,16.38,55,900.9,534.05
206,48,17.17,53,910.01,556.5
206,49,17.81,63,1122.03,701.82
206,50,17.51,62,1085.62,672.08
206,51,18.39,51,937.89,597.72
206,52,15.92,54,859.68,499.5
207,1,29.2,28,817.6,736.68
207,2,27.81,28,778.68,697.76
207,3,28.83,31,893.73,804.14
207,4,26.81,30,804.3,717.6
207,5,25.54,29,740.66,656.85
207,6,26.69,30,800.7,714.0
207,7,26.84,37,993.08,886.15
207,8,27.81,28,778.68,697.76
207,9,28.47,29,825.63,741.82
207,10,27.89,31,864.59,775.0
207,11,27.19,31,842.89,753.3
207,12,26.62,28,745.36,664.44
207,13,26.08,27,704.16,626.13
207,14,25.86,26,672.36,597.22
207,15,26.56,22,584.32,520.74
207,16,27.1,34,921.4,823.14
207,17,27.34,24,656.16,586.8
207,18,29.04,25,726.0,653.75
207,19,28.43,27,767.61,689.58
207,20,27.51,31,852.81,763.22
207,21,26.19,27,707.13,629.1
207,22,25.92,36,933.12,829.08
207,23,25.75,24,618.0,548.64
207,24,27.9,25,697.5,625.25
207,25,26.39,31,818.09,728.5
207,26,28.19,25,704.75,632.5
207,27,28.41,26,738.66,663.52
207,28,27.57,24,661.68,592.32
207,29,26.27,27,709.29,631.26
207,30,25.98,30,779.4,692.7
207,31,25.1,33,828.3,732.93
207,32,26.57,30,797.1,710.4
207,33,28.44,32,910.08,817.6
207,34,28.44,24,682.56,613.2
207,35,28.13,24,675.12,605.76
207,36,27.65,20,553.0,495.2
207,37,25.0,25,625.0,552.75
207,38,26.15,35,915.25,814.1
207,39,25.77,27,695.79,617.76
207,40,27.06,31,838.86,749.27
207,41,27.39,27,739.53,661.5
207,42,29.41,26,764.66,689.52
207,43,28.3,29,820.7,736.89
207,44,24.81,36,893.16,789.12
207,45,25.32,26,658.32,583.18
207,46,25.79,38,980.02,870.2
207,47,25.74,36,926.64,822.6
207,48,28.31,34,962.54,864.28
207,49,29.47,31,913.57,823.98
207,50,28.68,22,630.96,567.38
207,51,27.95,26,726.7,651.56
207,52,28.76,28,805.28,724.36
208,1,15.69,131,2055.39,1123.98
208,2,15.92,148,2356.16,1303.88
208,3,15.36,128,1966.08,1056.0
208,4,14.67,109,1599.03,824.04
208,5,14.09,135,1902.15,942.3
208,6,13.91,126,1752.66,856.8
208,7,13.73,137,1881.01,906.94
208,8,14.32,146,2090.72,1052.66
208,9,15.67,98,1535.66,838.88
208,10,15.76,109,1717.84,942.85
208,11,15.78,128,2019.84,1109.76
208,12,14.16,119,1685.04,838.95
208,13,14.29,128,1829.12,919.04
208,14,14.2,105,1491.0,744.45
208,15,14.22,104,1478.88,739.44
208,16,15.48,108,1671.84,903.96
208,17,16.49,99,1632.51,928.62
208,18,15.58,82,1277.56,694.54
208,19,14.82,86,1274.52,663.06
208,20,15.12,119,1799.28,953.19
208,21,13.65,136,1856.4,889.44
208,22,13.88,122,1693.36,825.94
208,23,15.09,126,1901.34,1005.48
208,24,14.88,97,1443.36,753.69
208,25,14.67,102,1496.34,771.12
208,26,15.8,89,1406.2,773.41
208,27,15.58,108,1682.64,914.76
208,28,14.9,101,1504.9,786.79
208,29,14.44,123,1776.12,901.59
208,30,13.61,145,1973.45,942.5
208,31,14.32,117,1675.44,843.57
208,32,15.32,113,1731.16,927.73
208,33,16.07,108,1735.56,967.68
208,34,15.62,113,1765.06,961.63
208,35,15.12,112,1693.44,897.12
208,36,14.99,108,1618.92,851.04
208,37,14.31,85,1216.35,612.0
208,38,13.85,121,1675.85,815.54
208,39,14.44,98,1415.12,718.34
208,40,15.57,93,1448.01,786.78
208,41,16.07,110,1767.7,985.6
208,42,15.61,136,2122.96,1156.0
208,43,15.1,126,1902.6,1006.74
208,44,15.45,113,1745.85,942.42
208,45,14.99,124,1858.76,977.12
208,46,14.23,139,1977.97,989.68
208,47,14.3,147,2102.1,1056.93
208,48,15.36,96,1474.56,792.0
208,49,16.22,90,1459.8,819.9
208,50,16.36,135,2208.6,1248.75
208,51,15.15,120,1818.0,964.8
208,52,14.5,129,1870.5,953.31
209,1,31.0,117,3627.0,3423.42
209,2,32.98,120,3957.6,3748.8
209,3,30.77,104,3200.08,3019.12
209,4,28.48,102,2904.96,2727.48
209,5,29.6,133,3936.8,3705.38
209,6,27.09,110,2979.9,2788.5
209,7,28.7,117,3357.9,3154.32
209,8,29.27,117,3424.59,3221.01
209,9,30.85,106,3270.1,3085.66
209,10,32.29,102,3293.58,3116.1
209,11,30.88,91,2810.08,2651.74
209,12,29.92,90,2692.8,2536.2
209,13,28.49,122,3475.78,3263.5
209,14,28.7,94,2697.8,2534.24
209,15,29.35,92,2700.2,2540.12
209,16,31.06,97,3012.82,2844.04
209,17,31.18,98,3055.64,2885.12
209,18,30.39,78,2370.42,2234.7
209,19,30.2,96,2899.2,2732.16
209,20,31.56,122,3850.32,3638.04
209,21,29.3,104,3047.2,2866.24
209,22,26.58,96,2551.68,2384.64
209,23,28.02,91,2549.82,2391.48
209,24,29.85,88,2626.8,2473.68
209,25,29.49,107,3155.43,2969.25
209,26,30.83,96,2959.68,2792.64
209,27,33.14,73,2419.22,2292.2
209,28,27.72,97,2688.84,2520.06
209,29,29.72,123,3655.56,3441.54
209,30,27.09,110,2979.9,2788.5
209,31,28.31,98,2774.38,2603.86
209,32,32.38,67,2169.46,2052.88
209,33,31.5,97,3055.5,2886.72
209,34,32.78,89,2917.42,2762.56
209,35,31.55,85,2681.75,2533.85
209,36,30.24,89,2691.36,2536.5
209,37,29.29,91,2665.39,2507.05
209,38,28.54,98,2796.92,2626.4
209,39,29.74,95,2825.3,2660.0
209,40,28.4,117,3322.8,3119.22
209,41,30.46,84,2558.64,2412.48
209,42,31.26,111,3469.86,3276.72
209,43,29.35,141,4138.35,3893.01
209,44,30.95,109,3373.55,3183.89
209,45,28.68,117,3355.56,3151.98
209,46,28.67,122,3497.74,3285.46
209,47,29.23,113,3302.99,3106.37
209,48,29.82,107,3190.74,3004.56
209,49,31.1,122,3794.2,3581.92
209,50,32.33,60,1939.8,1835.4
209,51,31.86,106,3377.16,3192.72
209,52,29.98,104,3117.92,2936.96
210,1,19.37,149,2886.13,1670.29
210,2,18.66,143,2668.38,1501.5
210,3,18.24,113,2061.12,1139.04
210,4,17.66,157,2772.62,1491.5
210,5,17.75,150,2662.5,1438.5
210,6,17.31,152,2631.12,1390.8
210,7,16.89,153,2584.17,1335.69
210,8,18.43,151,2782.93,1550.77
210,9,19.41,144,2795.04,1620.0
210,10,19.27,152,2929.04,1688.72
210,11,18.75,101,1893.75,1069.59
210,12,17.91,108,1934.28,1053.0
210,13,16.87,124,2091.88,1080.04
210,14,16.49,123,2028.27,1024.59
210,15,16.21,133,2155.93,1070.65
210,16,18.0,106,1908.0,1043.04
210,17,19.12,133,2542.96,1457.68
210,18,18.21,106,1930.26,1065.3
210,19,18.35,102,1871.7,1039.38
210,20,18.45,115,2121.75,1183.35
210,21,17.09,89,1521.01,794.77
210,22,17.26,102,1760.52,928.2
210,23,17.27,129,2227.83,1175.19
210,24,18.73,94,1760.62,993.58
210,25,17.13,128,2192.64,1148.16
210,26,20.05,134,2686.7,1593.26
210,27,18.88,108,2039.04,1157.76
210,28,18.44,101,1862.44,1038.28
210,29,17.49,133,2326.17,1240.89
210,30,17.49,173,3025.77,1614.09
210,31,17.45,114,1989.3,1059.06
210,32,17.99,89,1601.11,874.87
210,33,18.39,112,2059.68,1145.76
210,34,18.8,120,2256.0,1276.8
210,35,18.32,140,2564.8,1422.4
210,36,18.0,121,2178.0,1190.64
210,37,17.06,128,2183.68,1139.2
210,38,17.37,108,1875.96,994.68
210,39,16.88,121,2042.48,1055.12
210,40,17.27,110,1899.7,1002.1
210,41,18.51,134,2480.34,1386.9
210,42,19.22,119,2287.18,1316.14
210,43,19.22,113,2171.86,1249.78
210,44,18.21,136,2476.56,1366.8
210,45,17.38,132,2294.16,1217.04
210,46,15.6,150,2340.0,1116.0
210,47,18.0,156,2808.0,1535.04
210,48,18.52,159,2944.68,1647.24
210,49,18.81,138,2595.78,1469.7
210,50,18.75,129,2418.75,1366.11
210,51,19.1,155,2960.5,1695.7
210,52,17.92,131,2347.52,1278.56
211,1,21.89,53,1160.17,937.57
211,2,21.35,35,747.25,600.25
211,3,21.54,42,904.68,728.28
211,4,20.68,51,1054.68,840.48
211,5,19.82,64,1268.48,999.68
211,6,19.95,56,1117.2,882.0
211,7,20.5,45,922.5,733.5
211,8,21.65,49,1060.85,855.05
211,9,22.31,41,914.71,742.51
211,10,21.28,56,1191.68,956.48
211,11,22.13,36,796.68,645.48
211,12,20.45,54,1104.3,877.5
211,13,19.36,59,1142.24,894.44
211,14,19.17,53,1016.01,793.41
211,15,19.9,51,1014.9,800.7
211,16,20.66,44,909.04,724.24
211,17,21.92,36,789.12,637.92
211,18,22.73,37,841.01,685.61
211,19,21.75,36,783.0,631.8
211,20,19.39,47,911.33,713.93
211,21,21.63,49,1059.87,854.07
211,22,19.73,46,907.58,714.38
211,23,20.12,50,1006.0,796.0
211,24,20.26,54,1094.04,867.24
211,25,22.34,47,1049.98,852.58
211,26,22.54,41,924.14,751.94
211,27,22.31,46,1026.26,833.06
211,28,20.78,41,851.98,679.78
211,29,20.17,57,1149.69,910.29
211,30,18.96,39,739.44,575.64
211,31,20.21,47,949.87,752.47
211,32,21.11,46,971.06,777.86
211,33,21.75,53,1152.75,930.15
211,34,21.25,39,828.75,664.95
211,35,21.83,32,698.56,564.16
211,36,20.89,56,1169.84,934.64
211,37,20.12,48,965.76,764.16
211,38,18.95,45,852.75,663.75
211,39,19.87,45,894.15,705.15
211,40,21.81,47,1025.07,827.67
211,41,21.19,46,974.74,781.54
211,42,22.57,49,1105.93,900.13
211,43,22.89,34,778.26,635.46
211,44,20.49,44,901.56,716.76
211,45,19.96,57,1137.72,898.32
211,46,20.36,53,1079.08,856.48
211,47,19.91,55,1095.05,864.05
211,48,20.47,67,1371.49,1090.09
211,49,20.88,53,1106.64,884.04
211,50,23.53,45,1058.85,869.85
211,51,21.77,47,1023.19,825.79
211,52,20.89,61,1274.29,1018.09
212,1,31.23,92,2873.16,2161.08
212,2,32.55,71,2311.05,1761.51
212,3,32.95,79,2603.05,1991.59
212,4,30.47,83,2529.01,1886.59
212,5,32.59,60,1955.4,1491.0
212,6,30.26,72,2178.72,1621.44
212,7,31.05,77,2390.85,1794.87
212,8,31.38,81,2541.78,1914.84
212,9,35.09,67,2351.03,1832.45
212,10,34.61,57,1972.77,1531.59
212,11,32.44,69,2238.36,1704.3
212,12,33.42,66,2205.72,1694.88
212,13,30.34,68,2063.12,1536.8
212,14,28.88,77,2223.76,1627.78
212,15,31.49,62,1952.38,1472.5
212,16,31.55,69,2176.95,1642.89
212,17,32.94,63,2075.22,1587.6
212,18,35.94,56,2012.64,1579.2
212,19,33.01,57,1881.57,1440.39
212,20,32.71,62,2028.02,1548.14
212,21,30.02,82,2461.64,1826.96
212,22,31.44,60,1886.4,1422.0
212,23,28.85,81,2336.85,1709.91
212,24,31.34,74,2319.16,1746.4
212,25,31.47,75,2360.25,1779.75
212,26,32.76,71,2325.96,1776.42
212,27,33.37,53,1768.61,1358.39
212,28,31.61,73,2307.53,1742.51
212,29,30.74,73,2244.02,1679.0
212,30,31.98,50,1599.0,1212.0
212,31,32.19,66,2124.54,1613.7
212,32,31.14,54,1681.56,1263.6
212,33,33.18,72,2388.96,1831.68
212,34,33.8,77,2602.6,2006.62
212,35,31.96,65,2077.4,1574.3
212,36,30.8,71,2186.8,1637.26
212,37,31.49,62,1952.38,1472.5
212,38,27.58,75,2068.5,1488.0
212,39,31.06,71,2205.26,1655.72
212,40,33.19,53,1759.07,1348.85
212,41,34.01,73,2482.73,1917.71
212,42,32.21,68,2190.28,1663.96
212,43,32.87,63,2070.81,1583.19
212,44,32.33,70,2263.1,1721.3
212,45,29.99,80,2399.2,1780.0
212,46,29.04,71,2061.84,1512.3
212,47,31.29,65,2033.85,1530.75
212,48,32.64,78,2545.92,1942.2
212,49,31.7,69,2187.3,1653.24
212,50,35.07,59,2069.13,1612.47
212,51,32.91,78,2566.98,1963.26
212,52,32.75,71,2325.25,1775.71
213,1,17.93,46,824.78,759.92
213,2,19.46,41,797.86,740.05
213,3,18.29,34,621.86,573.92
213,4,17.06,43,733.58,672.95
213,5,16.98,47,798.06,731.79
213,6,16.79,33,554.07,507.54
213,7,17.31,34,588.54,540.6
213,8,17.3,41,709.3,651.49
213,9,19.29,52,1003.08,929.76
213,10,18.87,36,679.32,628.56
213,11,18.52,37,685.24,633.07
213,12,17.33,43,745.19,684.56
213,13,16.88,37,624.56,572.39
213,14,16.8,37,621.6,569.43
213,15,17.2,31,533.2,489.49
213,16,17.21,29,499.09,458.2
213,17,18.47,37,683.39,631.22
213,18,18.79,41,770.39,712.58
213,19,18.24,36,656.64,605.88
213,20,16.93,33,558.69,512.16
213,21,17.12,39,667.68,612.69
213,22,16.3,35,570.5,521.15
213,23,15.96,34,542.64,494.7
213,24,17.97,36,646.92,596.16
213,25,18.51,33,610.83,564.3
213,26,18.55,29,537.95,497.06
213,27,18.61,35,651.35,602.0
213,28,17.76,31,550.56,506.85
213,29,15.63,42,656.46,597.24
213,30,16.2,31,502.2,458.49
213,31,17.12,33,564.96,518.43
213,32,18.06,36,650.16,599.4
213,33,18.6,25,465.0,429.75
213,34,19.19,33,633.27,586.74
213,35,18.05,34,613.7,565.76
213,36,16.57,37,613.09,560.92
213,37,16.22,29,470.38,429.49
213,38,15.65,42,657.3,598.08
213,39,16.43,43,706.49,645.86
213,40,17.22,26,447.72,411.06
213,41,17.66,40,706.4,650.0
213,42,18.47,30,554.1,511.8
213,43,18.33,35,641.55,592.2
213,44,18.09,45,814.05,750.6
213,45,16.57,34,563.38,515.44
213,46,16.23,43,697.89,637.26
213,47,16.25,36,585.0,534.24
213,48,17.68,39,689.52,634.53
213,49,18.26,34,620.84,572.9
213,50,18.43,33,608.19,561.66
213,51,18.71,42,785.82,726.6
213,52,16.53,36,595.08,544.32
301,1,8.98,93,835.14,388.74
301,2,9.52,71,675.92,335.12
301,3,9.13,85,776.05,368.05
301,4,9.06,102,924.12,434.52
301,5,8.42,115,968.3,416.3
301,6,8.31,109,905.79,382.59
301,7,9.07,122,1106.54,520.94
301,8,8.65,121,1046.65,465.85
301,9,9.6,75,720.0,360.0
301,10,9.76,113,1102.88,560.48
301,11,9.08,87,789.96,372.36
301,12,9.27,102,945.54,455.94
301,13,8.77,111,973.47,440.67
301,14,8.57,89,762.73,335.53
301,15,8.9,122,1085.8,500.2
301,16,8.94,103,920.82,426.42
301,17,8.97,111,995.67,462.87
301,18,9.69,90,872.1,440.1
301,19,9.69,86,833.34,420.54
301,20,9.15,84,768.6,365.4
301,21,8.61,106,912.66,403.86
301,22,8.52,104,886.08,386.88
301,23,8.58,122,1046.76,461.16
301,24,8.88,80,710.4,326.4
301,25,9.85,109,1073.65,550.45
301,26,9.19,110,1010.9,482.9
301,27,9.25,102,943.5,453.9
301,28,9.08,97,880.76,415.16
301,29,8.41,101,849.41,364.61
301,30,8.21,103,845.63,351.23
301,31,8.6,98,842.8,372.4
301,32,9.18,122,1119.96,534.36
301,33,9.23,102,941.46,451.86
301,34,9.67,98,947.66,477.26
301,35,9.4,107,1005.8,492.2
301,36,9.13,81,739.53,350.73
301,37,8.85,118,1044.3,477.9
301,38,8.25,115,948.75,396.75
301,39,8.8,102,897.6,408.0
301,40,9.29,134,1244.86,601.66
301,41,9.17,78,715.26,340.86
301,42,9.62,103,990.86,496.46
301,43,9.32,119,1109.08,537.88
301,44,8.64,119,1028.16,456.96
301,45,8.45,138,1166.1,503.7
301,46,9.0,90,810.0,378.0
301,47,8.47,124,1050.28,455.08
301,48,8.9,103,916.7,422.3
301,49,9.39,66,619.74,302.94
301,50,9.54,83,791.82,393.42
301,51,9.25,120,1110.0,534.0
301,52,8.66,120,1039.2,463.2
302,1,9.17,51,467.67,25.5
302,2,9.17,58,531.86,29.0
302,3,9.17,65,596.05,32.5
302,4,9.17,47,430.99,23.5
302,5,9.17,45,412.65,22.5
302,6,9.17,68,623.56,34.0
302,7,9.17,39,357.63,19.5
302,8,9.17,60,550.2,30.0
302,9,9.17,51,467.67,25.5
302,10,9.17,58,531.86,29.0
302,11,9.17,29,265.93,14.5
302,12,9.17,44,403.48,22.0
302,13,9.17,88,806.96,44.0
302,14,9.17,50,458.5,25.0
302,15,9.17,60,550.2,30.0
302,16,9.17,61,559.37,30.5
302,17,9.17,41,375.97,20.5
302,18,9.17,43,394.31,21.5
302,19,9.17,44,403.48,22.0
302,20,9.17,51,467.67,25.5
302,21,9.17,64,586.88,32.0
302,22,9.17,55,504.35,27.5
302,23,9.17,40,366.8,20.0
302,24,9.17,50,458.5,25.0
302,25,9.17,59,541.03,29.5
302,26,9.17,48,440.16,24.0
302,27,9.17,78,715.26,39.0
302,28,9.17,33,302.61,16.5
302,29,9.17,58,531.86,29.0
302,30,9.17,60,550.2,30.0
302,31,9.17,54,495.18,27.0
302,32,9.17,65,596.05,32.5
302,33,9.17,55,504.35,27.5
302,34,9.17,57,522.69,28.5
302,35,9.17,49,449.33,24.5
302,36,9.17,61,559.37,30.5
302,37,9.17,51,467.67,25.5
302,38,9.17,37,339.29,18.5
302,39,9.17,53,486.01,26.5
302,40,9.17,41,375.97,20.5
302,41,9.17,65,596.05,32.5
302,42,9.17,74,678.58,37.0
302,43,9.17,58,531.86,29.0
302,44,9.17,68,623.56,34.0
302,45,9.17,47,430.99,23.5
302,46,9.17,52,476.84,26.0
302,47,9.17,53,486.01,26.5
302,48,9.17,49,449.33,24.5
302,49,9.17,55,504.35,27.5
302,50,9.17,28,256.76,14.0
302,51,9.17,56,513.52,28.0
302,52,9.17,48,440.16,24.0
303,1,8.76,56,490.56,28.0
303,2,8.85,41,362.85,24.19
303,3,8.76,50,438.0,25.0
303,4,8.76,34,297.84,17.0
303,5,8.76,62,543.12,31.0
303,6,8.76,42,367.92,21.0
303,7,8.76,51,446.76,25.5
303,8,8.76,57,499.32,28.5
303,9,8.76,52,455.52,26.0
303,10,9.13,60,547.8,52.2
303,11,9.04,56,506.24,43.68
303,12,8.76,63,551.88,31.5
303,13,8.76,44,385.44,22.0
303,14,8.76,57,499.32,28.5
303,15,8.76,48,420.48,24.0
303,16,8.76,55,481.8,27.5
303,17,8.91,53,472.23,34.45
303,18,9.44,55,519.2,64.9
303,19,8.91,58,516.78,37.7
303,20,8.76,55,481.8,27.5
303,21,8.76,50,438.0,25.0
303,22,8.76,46,402.96,23.0
303,23,8.76,45,394.2,22.5
303,24,8.76,40,350.4,20.0
303,25,8.86,58,513.88,34.8
303,26,8.78,63,553.14,32.76
303,27,8.99,58,521.42,42.34
303,28,8.76,58,508.08,29.0
303,29,8.76,58,508.08,29.0
303,30,8.76,56,490.56,28.0
303,31,8.76,44,385.44,22.0
303,32,8.76,44,385.44,22.0
303,33,8.98,39,350.22,28.08
303,34,9.23,38,350.74,36.86
303,35,9.0,55,495.0,40.7
303,36,8.76,56,490.56,28.0
303,37,8.76,47,411.72,23.5
303,38,8.76,36,315.36,18.0
303,39,8.76,39,341.64,19.5
303,40,8.76,49,429.24,24.5
303,41,9.03,47,424.41,36.19
303,42,8.93,56,500.08,37.52
303,43,8.95,53,474.35,36.57
303,44,8.76,39,341.64,19.5
303,45,8.76,56,490.56,28.0
303,46,8.76,49,429.24,24.5
303,47,8.76,50,438.0,25.0
303,48,8.76,63,551.88,31.5
303,49,9.14,38,347.32,33.44
303,50,9.17,59,541.03,53.69
303,51,8.96,59,528.64,41.3
303,52,9.01,58,522.58,43.5
304,1,16.33,8,130.64,4.0
304,2,16.33,1,16.33,0.5
304,3,16.33,16,261.28,8.0
304,4,16.33,16,261.28,8.0
304,5,16.33,1,16.33,0.5
304,6,16.33,1,16.33,0.5
304,7,16.33,6,97.98,3.0
304,8,16.33,1,16.33,0.5
304,9,16.33,1,16.33,0.5
304,10,16.33,15,244.95,7.5
304,11,16.33,1,16.33,0.5
304,12,16.33,13,212.29,6.5
304,13,16.33,1,16.33,0.5
304,14,16.33,18,293.94,9.0
304,15,16.33,1,16.33,0.5
304,16,16.33,1,16.33,0.5
304,17,16.33,1,16.33,0.5
304,18,16.33,5,81.65,2.5
304,19,16.33,1,16.33,0.5
304,20,16.33,1,16.33,0.5
304,21,16.33,1,16.33,0.5
304,22,16.33,1,16.33,0.5
304,23,16.33,1,16.33,0.5
304,24,16.33,16,261.28,8.0
304,25,16.33,1,16.33,0.5
304,26,16.33,1,16.33,0.5
304,27,16.33,1,16.33,0.5
304,28,16.33,2,32.66,1.0
304,29,16.33,1,16.33,0.5
304,30,16.33,1,16.33,0.5
304,31,16.33,5,81.65,2.5
304,32,16.33,1,16.33,0.5
304,33,16.33,1,16.33,0.5
304,34,16.33,1,16.33,0.5
304,35,16.33,1,16.33,0.5
304,36,16.33,1,16.33,0.5
304,37,16.33,1,16.33,0.5
304,38,16.33,1,16.33,0.5
304,39,16.33,1,16.33,0.5
304,40,16.33,1,16.33,0.5
304,41,16.33,1,16.33,0.5
304,42,16.33,1,16.33,0.5
304,43,16.33,1,16.33,0.5
304,44,16.33,1,16.33,0.5
304,45,16.33,1,16.33,0.5
304,46,16.33,1,16.33,0.5
304,47,16.33,1,16.33,0.5
304,48,16.33,1,16.33,0.5
304,49,16.33,34,555.22,17.0
304,50,16.33,1,16.33,0.5
304,51,16.33,1,16.33,0.5
304,52,16.33,1,16.33,0.5
305,1,7.62,46,350.52,23.0
305,2,7.62,45,342.9,22.5
305,3,7.66,47,360.02,25.38
305,4,7.62,57,434.34,28.5
305,5,7.62,54,411.48,27.0
305,6,7.62,34,259.08,17.0
305,7,7.62,58,441.96,29.0
305,8,7.62,38,289.56,19.0
305,9,7.62,65,495.3,32.5
305,10,7.68,49,376.32,27.44
305,11,7.62,47,358.14,23.5
305,12,7.62,42,320.04,21.0
305,13,7.62,48,365.76,24.0
305,14,7.62,48,365.76,24.0
305,15,7.62,64,487.68,32.0
305,16,7.62,49,373.38,24.5
305,17,7.62,37,281.94,18.5
305,18,7.73,39,301.47,23.79
305,19,7.62,41,312.42,20.5
305,20,7.62,43,327.66,21.5
305,21,7.62,46,350.52,23.0
305,22,7.62,58,441.96,29.0
305,23,7.62,52,396.24,26.0
305,24,7.62,46,350.52,23.0
305,25,7.62,48,365.76,24.0
305,26,7.67,52,398.84,28.6
305,27,7.62,55,419.1,27.5
305,28,7.62,56,426.72,28.0
305,29,7.62,48,365.76,24.0
305,30,7.62,43,327.66,21.5
305,31,7.62,61,464.82,30.5
305,32,7.62,54,411.48,27.0
305,33,7.62,45,342.9,22.5
305,34,7.62,43,327.66,21.5
305,35,7.62,45,342.9,22.5
305,36,7.62,49,373.38,24.5
305,37,7.62,32,243.84,16.0
305,38,7.62,54,411.48,27.0
305,39,7.62,46,350.52,23.0
305,40,7.62,62,472.44,31.0
305,41,7.62,54,411.48,27.0
305,42,7.62,32,243.84,16.0
305,43,7.62,52,396.24,26.0
305,44,7.62,84,640.08,42.0
305,45,7.62,65,495.3,32.5
305,46,7.62,53,403.86,26.5
305,47,7.62,47,358.14,23.5
305,48,7.62,53,403.86,26.5
305,49,7.62,57,434.34,28.5
305,50,7.62,41,312.42,20.5
305,51,7.62,61,464.82,30.5
305,52,7.62,53,403.86,26.5
306,1,15.52,1,15.52,0.5
306,2,15.52,6,93.12,3.0
306,3,15.52,1,15.52,0.5
306,4,15.52,3,46.56,1.5
306,5,15.52,1,15.52,0.5
306,6,15.52,1,15.52,0.5
306,7,15.52,1,15.52,0.5
306,8,15.52,1,15.52,0.5
306,9,15.52,1,15.52,0.5
306,10,15.52,1,15.52,0.5
306,11,15.52,1,15.52,0.5
306,12,15.52,4,62.08,2.0
306,13,15.52,1,15.52,0.5
306,14,15.52,1,15.52,0.5
306,15,15.52,1,15.52,0.5
306,16,15.52,1,15.52,0.5
306,17,15.52,1,15.52,0.5
306,18,15.52,1,15.52,0.5
306,19,15.52,1,15.52,0.5
306,20,15.52,1,15.52,0.5
306,21,15.52,4,62.08,2.0
306,22,15.52,5,77.6,2.5
306,23,15.52,1,15.52,0.5
306,24,15.52,1,15.52,0.5
306,25,15.52,1,15.52,0.5
306,26,15.52,1,15.52,0.5
306,27,15.52,1,15.52,0.5
306,28,15.52,1,15.52,0.5
306,29,15.52,1,15.52,0.5
306,30,15.52,1,15.52,0.5
306,31,15.52,7,108.64,3.5
306,32,15.52,1,15.52,0.5
306,33,15.52,1,15.52,0.5
306,34,15.52,1,15.52,0.5
306,35,15.52,3,46.56,1.5
306,36,15.52,1,15.52,0.5
306,37,15.52,1,15.52,0.5
306,38,15.52,1,15.52,0.5
306,39,15.52,10,155.2,5.0
306,40,15.52,1,15.52,0.5
306,41,15.52,1,15.52,0.5
306,42,15.52,1,15.52,0.5
306,43,15.52,1,15.52,0.5
306,44,15.52,1,15.52,0.5
306,45,15.52,1,15.52,0.5
306,46,15.52,6,93.12,3.0
306,47,15.52,1,15.52,0.5
306,48,15.52,1,15.52,0.5
306,49,15.52,1,15.52,0.5
306,50,15.52,3,46.56,1.5
306,51,15.52,1,15.52,0.5
306,52,15.52,1,15.52,0.5
307,1,12.98,1,12.98,0.5
307,2,12.98,31,402.38,15.5
307,3,12.98,13,168.74,6.5
307,4,12.98,41,532.18,20.5
307,5,12.98,14,181.72,7.0
307,6,12.98,29,376.42,14.5
307,7,12.98,22,285.56,11.0
307,8,12.98,10,129.8,5.0
307,9,12.98,4,51.92,2.0
307,10,12.98,29,376.42,14.5
307,11,12.98,24,311.52,12.0
307,12,12.98,17,220.66,8.5
307,13,12.98,24,311.52,12.0
307,14,12.98,25,324.5,12.5
307,15,12.98,1,12.98,0.5
307,16,12.98,15,194.7,7.5
307,17,12.98,42,545.16,21.0
307,18,12.98,9,116.82,4.5
307,19,12.98,8,103.84,4.0
307,20,12.98,6,77.88,3.0
307,21,12.98,25,324.5,12.5
307,22,12.98,14,181.72,7.0
307,23,12.98,15,194.7,7.5
307,24,12.98,12,155.76,6.0
307,25,12.98,27,350.46,13.5
307,26,12.98,21,272.58,10.5
307,27,12.98,33,428.34,16.5
307,28,12.98,50,649.0,25.0
307,29,12.98,49,636.02,24.5
307,30,12.98,52,674.96,26.0
307,31,12.98,31,402.38,15.5
307,32,12.98,17,220.66,8.5
307,33,12.98,23,298.54,11.5
307,34,12.98,2,25.96,1.0
307,35,12.98,26,337.48,13.0
307,36,12.98,42,545.16,21.0
307,37,12.98,24,311.52,12.0
307,38,12.98,34,441.32,17.0
307,39,12.98,28,363.44,14.0
307,40,12.98,43,558.14,21.5
307,41,12.98,31,402.38,15.5
307,42,12.98,31,402.38,15.5
307,43,12.98,36,467.28,18.0
307,44,12.98,40,519.2,20.0
307,45,12.98,27,350.46,13.5
307,46,12.98,31,402.38,15.5
307,47,12.98,1,12.98,0.5
307,48,12.98,16,207.68,8.0
307,49,12.98,1,12.98,0.5
307,50,12.98,25,324.5,12.5
307,51,12.98,8,103.84,4.0
307,52,12.98,50,649.0,25.0
308,1,9.25,20,185.0,102.0
308,2,9.67,19,183.73,104.88
308,3,9.34,24,224.16,124.56
308,4,8.48,29,245.92,125.57
308,5,8.64,22,190.08,98.78
308,6,8.44,24,202.56,102.96
308,7,8.15,31,252.65,124.0
308,8,9.01,24,216.24,116.64
308,9,9.64,17,163.88,93.33
308,10,9.67,19,183.73,104.88
308,11,9.61,13,124.93,70.98
308,12,8.97,21,188.37,101.22
308,13,8.73,25,218.25,114.5
308,14,8.27,23,190.21,94.76
308,15,8.59,21,180.39,93.24
308,16,9.23,20,184.6,101.6
308,17,8.6,23,197.8,102.35
308,18,9.26,16,148.16,81.76
308,19,9.05,23,208.15,112.7
308,20,9.36,22,205.92,114.62
308,21,8.45,26,219.7,111.8
308,22,8.34,22,183.48,92.18
308,23,8.31,19,157.89,79.04
308,24,8.89,23,204.47,109.02
308,25,9.36,20,187.2,104.2
308,26,9.28,24,222.72,123.12
308,27,9.03,25,225.75,122.0
308,28,8.73,21,183.33,96.18
308,29,8.22,24,197.28,97.68
308,30,8.72,25,218.0,114.25
308,31,8.88,25,222.0,118.25
308,32,8.7,22,191.4,100.1
308,33,9.17,26,238.42,130.52
308,34,9.22,25,230.5,126.75
308,35,9.62,27,259.74,147.69
308,36,8.89,25,222.25,118.5
308,37,9.23,20,184.6,101.6
308,38,8.05,19,152.95,74.1
308,39,8.81,17,149.77,79.22
308,40,8.9,24,213.6,114.0
308,41,9.43,22,207.46,116.16
308,42,9.6,25,240.0,136.25
308,43,9.12,20,182.4,99.4
308,44,8.79,26,228.54,120.64
308,45,8.86,25,221.5,117.75
308,46,8.78,19,166.82,87.97
308,47,9.07,27,244.89,132.84
308,48,9.2,28,257.6,141.4
308,49,8.93,21,187.53,100.38
308,50,9.34,24,224.16,124.56
308,51,9.1,25,227.5,123.75
308,52,9.37,24,224.88,125.28
309,1,7.88,11,86.68,9.46
309,2,7.76,16,124.16,11.84
309,3,7.99,13,103.87,12.61
309,4,7.52,10,75.2,5.0
309,5,7.52,18,135.36,9.0
309,6,7.52,14,105.28,7.0
309,7,7.52,11,82.72,5.5
309,8,7.54,16,120.64,8.32
309,9,7.82,19,148.58,15.2
309,10,7.57,16,121.12,8.8
309,11,7.78,15,116.7,11.4
309,12,7.6,12,91.2,6.96
309,13,7.52,10,75.2,5.0
309,14,7.52,15,112.8,7.5
309,15,7.52,16,120.32,8.0
309,16,7.58,14,106.12,7.84
309,17,7.62,12,91.44,7.2
309,18,8.22,15,123.3,18.0
309,19,7.76,13,100.88,9.62
309,20,7.52,16,120.32,8.0
309,21,7.52,18,135.36,9.0
309,22,7.52,13,97.76,6.5
309,23,7.52,15,112.8,7.5
309,24,7.52,12,90.24,6.0
309,25,8.02,14,112.28,14.0
309,26,7.74,16,123.84,11.52
309,27,8.08,13,105.04,13.78
309,28,7.52,15,112.8,7.5
309,29,7.52,14,105.28,7.0
309,30,7.52,16,120.32,8.0
309,31,7.52,17,127.84,8.5
309,32,7.52,14,105.28,7.0
309,33,7.68,13,99.84,8.58
309,34,8.27,7,57.89,8.75
309,35,8.11,13,105.43,14.17
309,36,7.52,12,90.24,6.0
309,37,7.56,12,90.72,6.48
309,38,7.52,16,120.32,8.0
309,39,7.52,12,90.24,6.0
309,40,7.55,12,90.6,6.36
309,41,8.07,15,121.05,15.75
309,42,8.07,13,104.91,13.65
309,43,8.21,12,98.52,14.28
309,44,7.52,15,112.8,7.5
309,45,7.65,12,91.8,7.56
309,46,7.52,15,112.8,7.5
309,47,7.52,12,90.24,6.0
309,48,7.75,18,139.5,13.14
309,49,7.86,11,86.46,9.24
309,50,7.6,14,106.4,8.12
309,51,8.07,14,112.98,14.7
309,52,7.52,13,97.76,6.5
310,1,15.66,25,391.5,12.5
310,2,15.66,7,109.62,3.5
310,3,15.66,23,360.18,11.5
310,4,15.66,9,140.94,4.5
310,5,15.66,17,266.22,8.5
310,6,15.66,32,501.12,16.0
310,7,15.66,17,266.22,8.5
310,8,15.66,27,422.82,13.5
310,9,15.66,30,469.8,15.0
310,10,15.66,30,469.8,15.0
310,11,15.66,17,266.22,8.5
310,12,15.66,16,250.56,8.0
310,13,15.66,19,297.54,9.5
310,14,15.66,17,266.22,8.5
310,15,15.66,3,46.98,1.5
310,16,15.66,11,172.26,5.5
310,17,15.66,6,93.96,3.0
310,18,15.66,8,125.28,4.0
310,19,15.66,33,516.78,16.5
310,20,15.66,20,313.2,10.0
310,21,15.66,19,297.54,9.5
310,22,15.66,10,156.6,5.0
310,23,15.66,32,501.12,16.0
310,24,15.66,11,172.26,5.5
310,25,15.66,11,172.26,5.5
310,26,15.66,13,203.58,6.5
310,27,15.66,27,422.82,13.5
310,28,15.66,26,407.16,13.0
310,29,15.66,14,219.24,7.0
310,30,15.66,19,297.54,9.5
310,31,15.66,19,297.54,9.5
310,32,15.66,13,203.58,6.5
310,33,15.66,18,281.88,9.0
310,34,15.66,8,125.28,4.0
310,35,15.66,29,454.14,14.5
310,36,15.66,15,234.9,7.5
310,37,15.66,23,360.18,11.5
310,38,15.66,18,281.88,9.0
310,39,15.66,1,15.66,0.5
310,40,15.66,19,297.54,9.5
310,41,15.66,33,516.78,16.5
310,42,15.66,15,234.9,7.5
310,43,15.66,12,187.92,6.0
310,44,15.66,17,266.22,8.5
310,45,15.66,20,313.2,10.0
310,46,15.66,15,234.9,7.5
310,47,15.66,18,281.88,9.0
310,48,15.66,21,328.86,10.5
310,49,15.66,26,407.16,13.0
310,50,15.66,29,454.14,14.5
310,51,15.66,26,407.16,13.0
310,52,15.66,28,438.48,14.0
401,1,7.41,1,7.41,0.5
401,2,7.41,1,7.41,0.5
401,3,7.41,1,7.41,0.5
401,4,7.41,1,7.41,0.5
401,5,7.41,1,7.41,0.5
401,6,7.41,1,7.41,0.5
401,7,7.41,1,7.41,0.5
401,8,7.41,1,7.41,0.5
401,9,7.41,1,7.41,0.5
401,10,7.41,1,7.41,0.5
401,11,7.41,1,7.41,0.5
401,12,7.41,1,7.41,0.5
401,13,7.41,1,7.41,0.5
401,14,7.41,1,7.41,0.5
401,15,7.41,1,7.41,0.5
401,16,7.41,1,7.41,0.5
401,17,7.41,1,7.41,0.5
401,18,7.41,1,7.41,0.5
401,19,7.41,1,7.41,0.5
401,20,7.41,1,7.41,0.5
401,21,7.41,1,7.41,0.5
401,22,7.41,1,7.41,0.5
401,23,7.41,1,7.41,0.5
401,24,7.41,1,7.41,0.5
401,25,7.41,1,7.41,0.5
401,26,7.41,1,7.41,0.5
401,27,7.41,1,7.41,0.5
401,28,7.41,1,7.41,0.5
401,29,7.41,1,7.41,0.5
401,30,7.41,1,7.41,0.5
401,31,7.41,1,7.41,0.5
401,32,7.41,1,7.41,0.5
401,33,7.41,1,7.41,0.5
401,34,7.41,1,7.41,0.5
401,35,7.41,1,7.41,0.5
401,36,7.41,1,7.41,0.5
401,37,7.41,1,7.41,0.5
401,38,7.41,1,7.41,0.5
401,39,7.41,1,7.41,0.5
401,40,7.41,1,7.41,0.5
401,41,7.41,1,7.41,0.5
401,42,7.41,1,7.41,0.5
401,43,7.41,1,7.41,0.5
401,44,7.41,1,7.41,0.5
401,45,7.41,1,7.41,0.5
401,46,7.41,1,7.41,0.5
401,47,7.41,1,7.41,0.5
401,48,7.41,1,7.41,0.5
401,49,7.41,1,7.41,0.5
401,50,7.41,1,7.41,0.5
401,51,7.41,1,7.41,0.5
401,52,7.41,1,7.41,0.5
402,1,9.78,1,9.78,0.5
402,2,9.78,1,9.78,0.5
402,3,9.78,1,9.78,0.5
402,4,9.78,1,9.78,0.5
402,5,9.78,1,9.78,0.5
402,6,9.78,1,9.78,0.5
402,7,9.78,1,9.78,0.5
402,8,9.78,1,9.78,0.5
402,9,9.78,1,9.78,0.5
402,10,9.78,1,9.78,0.5
402,11,9.78,1,9.78,0.5
402,12,9.78,1,9.78,0.5
402,13,9.78,1,9.78,0.5
402,14,9.78,1,9.78,0.5
402,15,9.78,1,9.78,0.5
402,16,9.78,1,9.78,0.5
402,17,9.78,1,9.78,0.5
402,18,9.78,1,9.78,0.5
402,19,9.78,1,9.78,0.5
402,20,9.78,1,9.78,0.5
402,21,9.78,1,9.78,0.5
402,22,9.78,1,9.78,0.5
402,23,9.78,1,9.78,0.5
402,24,9.78,1,9.78,0.5
402,25,9.78,1,9.78,0.5
402,26,9.78,1,9.78,0.5
402,27,9.78,1,9.78,0.5
402,28,9.78,1,9.78,0.5
402,29,9.78,1,9.78,0.5
402,30,9.78,1,9.78,0.5
402,31,9.78,1,9.78,0.5
402,32,9.78,1,9.78,0.5
402,33,9.78,1,9.78,0.5
402,34,9.78,1,9.78,0.5
402,35,9.78,1,9.78,0.5
402,36,9.78,1,9.78,0.5
402,37,9.78,1,9.78,0.5
402,38,9.78,1,9.78,0.5
402,39,9.78,1,9.78,0.5
402,40,9.78,1,9.78,0.5
402,41,9.78,1,9.78,0.5
402,42,9.78,1,9.78,0.5
402,43,9.78,1,9.78,0.5
402,44,9.78,1,9.78,0.5
402,45,9.78,1,9.78,0.5
402,46,9.78,1,9.78,0.5
402,47,9.78,1,9.78,0.5
402,48,9.78,1,9.78,0.5
402,49,9.78,1,9.78,0.5
402,50,9.78,1,9.78,0.5
402,51,9.78,1,9.78,0.5
402,52,9.78,1,9.78,0.5
403,1,6.69,10,66.9,5.0
403,2,6.69,10,66.9,5.0
403,3,6.69,8,53.52,4.0
403,4,6.69,10,66.9,5.0
403,5,6.69,9,60.21,4.5
403,6,6.69,11,73.59,5.5
403,7,6.69,8,53.52,4.0
403,8,6.69,11,73.59,5.5
403,9,6.69,6,40.14,3.0
403,10,6.69,14,93.66,7.0
403,11,6.69,9,60.21,4.5
403,12,6.69,11,73.59,5.5
403,13,6.69,7,46.83,3.5
403,14,6.69,11,73.59,5.5
403,15,6.69,11,73.59,5.5
403,16,6.69,12,80.28,6.0
403,17,6.69,12,80.28,6.0
403,18,6.69,10,66.9,5.0
403,19,6.69,10,66.9,5.0
403,20,6.69,10,66.9,5.0
403,21,6.69,9,60.21,4.5
403,22,6.69,15,100.35,7.5
403,23,6.69,11,73.59,5.5
403,24,6.69,13,86.97,6.5
403,25,6.69,13,86.97,6.5
403,26,6.69,15,100.35,7.5
403,27,6.69,15,100.35,7.5
403,28,6.69,12,80.28,6.0
403,29,6.69,14,93.66,7.0
403,30,6.69,12,80.28,6.0
403,31,6.69,16,107.04,8.0
403,32,6.69,11,73.59,5.5
403,33,6.69,14,93.66,7.0
403,34,6.69,16,107.04,8.0
403,35,6.69,10,66.9,5.0
403,36,6.69,7,46.83,3.5
403,37,6.69,6,40.14,3.0
403,38,6.69,10,66.9,5.0
403,39,6.69,14,93.66,7.0
403,40,6.69,10,66.9,5.0
403,41,6.69,13,86.97,6.5
403,42,6.69,6,40.14,3.0
403,43,6.69,11,73.59,5.5
403,44,6.69,12,80.28,6.0
403,45,6.69,5,33.45,2.5
403,46,6.69,8,53.52,4.0
403,47,6.69,10,66.9,5.0
403,48,6.69,10,66.9,5.0
403,49,6.69,10,66.9,5.0
403,50,6.69,7,46.83,3.5
403,51,6.69,11,73.59,5.5
403,52,6.69,10,66.9,5.0
404,1,6.19,51,315.69,25.5
404,2,6.19,55,340.45,27.5
404,3,6.19,36,222.84,18.0
404,4,6.19,57,352.83,28.5
404,5,6.19,48,297.12,24.0
404,6,6.19,31,191.89,15.5
404,7,6.19,76,470.44,38.0
404,8,6.19,53,328.07,26.5
404,9,6.19,53,328.07,26.5
404,10,6.19,63,389.97,31.5
404,11,6.19,53,328.07,26.5
404,12,6.19,68,420.92,34.0
404,13,6.19,47,290.93,23.5
404,14,6.19,47,290.93,23.5
404,15,6.19,44,272.36,22.0
404,16,6.19,58,359.02,29.0
404,17,6.19,39,241.41,19.5
404,18,6.19,52,321.88,26.0
404,19,6.19,49,303.31,24.5
404,20,6.19,40,247.6,20.0
404,21,6.19,47,290.93,23.5
404,22,6.19,59,365.21,29.5
404,23,6.19,84,519.96,42.0
404,24,6.19,64,396.16,32.0
404,25,6.19,66,408.54,33.0
404,26,6.19,65,402.35,32.5
404,27,6.19,71,439.49,35.5
404,28,6.19,57,352.83,28.5
404,29,6.19,51,315.69,25.5
404,30,6.19,71,439.49,35.5
404,31,6.19,75,464.25,37.5
404,32,6.19,47,290.93,23.5
404,33,6.19,78,482.82,39.0
404,34,6.19,74,458.06,37.0
404,35,6.19,54,334.26,27.0
404,36,6.19,33,204.27,16.5
404,37,6.19,52,321.88,26.0
404,38,6.19,40,247.6,20.0
404,39,6.19,56,346.64,28.0
404,40,6.19,55,340.45,27.5
404,41,6.19,66,408.54,33.0
404,42,6.19,59,365.21,29.5
404,43,6.19,59,365.21,29.5
404,44,6.19,47,290.93,23.5
404,45,6.19,37,229.03,18.5
404,46,6.19,49,303.31,24.5
404,47,6.19,57,352.83,28.5
404,48,6.19,50,309.5,25.0
404,49,6.19,45,278.55,22.5
404,50,6.19,37,229.03,18.5
404,51,6.19,63,389.97,31.5
404,52,6.19,48,297.12,24.0
405,1,8.05,1,8.05,0.5
405,2,8.05,1,8.05,0.5
405,3,8.05,1,8.05,0.5
405,4,8.05,1,8.05,0.5
405,5,8.05,1,8.05,0.5
405,6,8.05,1,8.05,0.5
405,7,8.05,1,8.05,0.5
405,8,8.05,1,8.05,0.5
405,9,8.05,1,8.05,0.5
405,10,8.05,1,8.05,0.5
405,11,8.05,1,8.05,0.5
405,12,8.05,1,8.05,0.5
405,13,8.05,1,8.05,0.5
405,14,8.05,1,8.05,0.5
405,15,8.05,1,8.05,0.5
405,16,8.05,1,8.05,0.5
405,17,8.05,1,8.05,0.5
405,18,8.05,1,8.05,0.5
405,19,8.05,1,8.05,0.5
405,20,8.05,1,8.05,0.5
405,21,8.05,1,8.05,0.5
405,22,8.05,1,8.05,0.5
405,23,8.05,1,8.05,0.5
405,24,8.05,1,8.05,0.5
405,25,8.05,1,8.05,0.5
405,26,8.05,1,8.05,0.5
405,27,8.05,1,8.05,0.5
405,28,8.05,1,8.05,0.5
405,29,8.05,1,8.05,0.5
405,30,8.05,1,8.05,0.5
405,31,8.05,1,8.05,0.5
405,32,8.05,1,8.05,0.5
405,33,8.05,1,8.05,0.5
405,34,8.05,1,8.05,0.5
405,35,8.05,1,8.05,0.5
405,36,8.05,1,8.05,0.5
405,37,8.05,1,8.05,0.5
405,38,8.05,1,8.05,0.5
405,39,8.05,1,8.05,0.5
405,40,8.05,1,8.05,0.5
405,41,8.05,1,8.05,0.5
405,42,8.05,1,8.05,0.5
405,43,8.05,1,8.05,0.5
405,44,8.05,1,8.05,0.5
405,45,8.05,1,8.05,0.5
405,46,8.05,1,8.05,0.5
405,47,8.05,1,8.05,0.5
405,48,8.05,1,8.05,0.5
405,49,8.05,1,8.05,0.5
405,50,8.05,1,8.05,0.5
405,51,8.05,1,8.05,0.5
405,52,8.05,1,8.05,0.5
406,1,11.66,1,11.66,0.5
406,2,11.66,1,11.66,0.5
406,3,11.66,1,11.66,0.5
406,4,11.66,1,11.66,0.5
406,5,11.66,1,11.66,0.5
406,6,11.66,1,11.66,0.5
406,7,11.66,1,11.66,0.5
406,8,11.66,1,11.66,0.5
406,9,11.66,1,11.66,0.5
406,10,11.66,1,11.66,0.5
406,11,11.66,1,11.66,0.5
406,12,11.66,1,11.66,0.5
406,13,11.66,1,11.66,0.5
406,14,11.66,1,11.66,0.5
406,15,11.66,1,11.66,0.5
406,16,11.66,1,11.66,0.5
406,17,11.66,1,11.66,0.5
406,18,11.66,1,11.66,0.5
406,19,11.66,1,11.66,0.5
406,20,11.66,1,11.66,0.5
406,21,11.66,1,11.66,0.5
406,22,11.66,1,11.66,0.5
406,23,11.66,1,11.66,0.5
406,24,11.66,1,11.66,0.5
406,25,11.66,1,11.66,0.5
406,26,11.66,1,11.66,0.5
406,27,11.66,1,11.66,0.5
406,28,11.66,1,11.66,0.5
406,29,11.66,1,11.66,0.5
406,30,11.66,1,11.66,0.5
406,31,11.66,1,11.66,0.5
406,32,11.66,1,11.66,0.5
406,33,11.66,1,11.66,0.5
406,34,11.66,1,11.66,0.5
406,35,11.66,1,11.66,0.5
406,36,11.66,1,11.66,0.5
406,37,11.66,1,11.66,0.5
406,38,11.66,1,11.66,0.5
406,39,11.66,1,11.66,0.5
406,40,11.66,1,11.66,0.5
406,41,11.66,1,11.66,0.5
406,42,11.66,1,11.66,0.5
406,43,11.66,1,11.66,0.5
406,44,11.66,1,11.66,0.5
406,45,11.66,1,11.66,0.5
406,46,11.66,1,11.66,0.5
406,47,11.66,1,11.66,0.5
406,48,11.66,1,11.66,0.5
406,49,11.66,1,11.66,0.5
406,50,11.66,1,11.66,0.5
406,51,11.66,1,11.66,0.5
406,52,11.66,1,11.66,0.5
407,1,8.18,1,8.18,0.5
407,2,8.18,1,8.18,0.5
407,3,8.18,1,8.18,0.5
407,4,8.18,1,8.18,0.5
407,5,8.18,1,8.18,0.5
407,6,8.18,1,8.18,0.5
407,7,8.18,1,8.18,0.5
407,8,8.18,1,8.18,0.5
407,9,8.18,1,8.18,0.5
407,10,8.18,1,8.18,0.5
407,11,8.18,1,8.18,0.5
407,12,8.18,1,8.18,0.5
407,13,8.18,1,8.18,0.5
407,14,8.18,1,8.18,0.5
407,15,8.18,1,8.18,0.5
407,16,8.18,1,8.18,0.5
407,17,8.18,1,8.18,0.5
407,18,8.18,1,8.18,0.5
407,19,8.18,1,8.18,0.5
407,20,8.18,1,8.18,0.5
407,21,8.18,1,8.18,0.5
407,22,8.18,1,8.18,0.5
407,23,8.18,1,8.18,0.5
407,24,8.18,1,8.18,0.5
407,25,8.18,1,8.18,0.5
407,26,8.18,1,8.18,0.5
407,27,8.18,1,8.18,0.5
407,28,8.18,1,8.18,0.5
407,29,8.18,1,8.18,0.5
407,30,8.18,1,8.18,0.5
407,31,8.18,1,8.18,0.5
407,32,8.18,1,8.18,0.5
407,33,8.18,1,8.18,0.5
407,34,8.18,1,8.18,0.5
407,35,8.18,1,8.18,0.5
407,36,8.18,1,8.18,0.5
407,37,8.18,1,8.18,0.5
407,38,8.18,1,8.18,0.5
407,39,8.18,1,8.18,0.5
407,40,8.18,1,8.18,0.5
407,41,8.18,1,8.18,0.5
407,42,8.18,1,8.18,0.5
407,43,8.18,1,8.18,0.5
407,44,8.18,1,8.18,0.5
407,45,8.18,1,8.18,0.5
407,46,8.18,1,8.18,0.5
407,47,8.18,1,8.18,0.5
407,48,8.18,1,8.18,0.5
407,49,8.18,1,8.18,0.5
407,50,8.18,1,8.18,0.5
407,51,8.18,1,8.18,0.5
407,52,8.18,1,8.18,0.5
408,1,9.07,1,9.07,0.5
408,2,9.07,1,9.07,0.5
408,3,9.07,1,9.07,0.5
408,4,9.07,1,9.07,0.5
408,5,9.07,1,9.07,0.5
408,6,9.07,1,9.07,0.5
408,7,9.07,1,9.07,0.5
408,8,9.07,1,9.07,0.5
408,9,9.07,1,9.07,0.5
408,10,9.07,1,9.07,0.5
408,11,9.07,1,9.07,0.5
408,12,9.07,1,9.07,0.5
408,13,9.07,1,9.07,0.5
408,14,9.07,1,9.07,0.5
408,15,9.07,1,9.07,0.5
408,16,9.07,1,9.07,0.5
408,17,9.07,1,9.07,0.5
408,18,9.07,1,9.07,0.5
408,19,9.07,1,9.07,0.5
408,20,9.07,1,9.07,0.5
408,21,9.07,1,9.07,0.5
408,22,9.07,1,9.07,0.5
408,23,9.07,1,9.07,0.5
408,24,9.07,1,9.07,0.5
408,25,9.07,1,9.07,0.5
408,26,9.07,1,9.07,0.5
408,27,9.07,1,9.07,0.5
408,28,9.07,1,9.07,0.5
408,29,9.07,1,9.07,0.5
408,30,9.07,1,9.07,0.5
408,31,9.07,1,9.07,0.5
408,32,9.07,1,9.07,0.5
408,33,9.07,1,9.07,0.5
408,34,9.07,1,9.07,0.5
408,35,9.07,1,9.07,0.5
408,36,9.07,1,9.07,0.5
408,37,9.07,1,9.07,0.5
408,38,9.07,1,9.07,0.5
408,39,9.07,1,9.07,0.5
408,40,9.07,1,9.07,0.5
408,41,9.07,1,9.07,0.5
408,42,9.07,1,9.07,0.5
408,43,9.07,1,9.07,0.5
408,44,9.07,1,9.07,0.5
408,45,9.07,1,9.07,0.5
408,46,9.07,1,9.07,0.5
408,47,9.07,1,9.07,0.5
408,48,9.07,1,9.07,0.5
408,49,9.07,1,9.07,0.5
408,50,9.07,1,9.07,0.5
408,51,9.07,1,9.07,0.5
408,52,9.07,1,9.07,0.5
409,1,6.76,46,310.96,247.48
409,2,6.95,26,180.7,144.82
409,3,6.56,53,347.68,274.54
409,4,6.47,44,284.68,223.96
409,5,5.96,48,286.08,219.84
409,6,5.72,58,331.76,251.72
409,7,6.11,46,281.06,217.58
409,8,6.49,50,324.5,255.5
409,9,7.18,26,186.68,150.8
409,10,7.12,44,313.28,252.56
409,11,6.62,47,311.14,246.28
409,12,6.41,50,320.5,251.5
409,13,6.52,51,332.52,262.14
409,14,6.21,48,298.08,231.84
409,15,5.93,54,320.22,245.7
409,16,6.74,33,222.42,176.88
409,17,6.57,47,308.79,243.93
409,18,6.7,38,254.6,202.16
409,19,6.69,34,227.46,180.54
409,20,6.31,55,347.05,271.15
409,21,5.97,44,262.68,201.96
409,22,5.99,77,461.23,354.97
409,23,6.19,64,396.16,307.84
409,24,6.51,49,318.99,251.37
409,25,6.87,56,384.72,307.44
409,26,6.81,62,422.22,336.66
409,27,6.56,68,446.08,352.24
409,28,6.53,58,378.74,298.7
409,29,6.22,66,410.52,319.44
409,30,6.35,57,361.95,283.29
409,31,6.08,77,468.16,361.9
409,32,6.38,70,446.6,350.0
409,33,7.11,46,327.06,263.58
409,34,7.02,42,294.84,236.88
409,35,6.92,42,290.64,232.68
409,36,6.59,41,270.19,213.61
409,37,5.9,60,354.0,271.2
409,38,5.71,57,325.47,246.81
409,39,6.41,50,320.5,251.5
409,40,6.88,48,330.24,264.0
409,41,6.65,45,299.25,237.15
409,42,6.88,30,206.4,165.0
409,43,6.59,42,276.78,218.82
409,44,6.1,54,329.4,254.88
409,45,6.18,40,247.2,192.0
409,46,6.19,57,352.83,274.17
409,47,6.27,48,300.96,234.72
409,48,6.62,50,331.0,262.0
409,49,6.84,36,246.24,196.56
409,50,6.94,49,340.06,272.44
409,51,6.66,59,392.94,311.52
409,52,6.4,49,313.6,245.98
410,1,9.22,1,9.22,0.5
410,2,9.22,1,9.22,0.5
410,3,9.22,1,9.22,0.5
410,4,9.22,1,9.22,0.5
410,5,9.22,1,9.22,0.5
410,6,9.22,1,9.22,0.5
410,7,9.22,1,9.22,0.5
410,8,9.22,1,9.22,0.5
410,9,9.22,1,9.22,0.5
410,10,9.22,1,9.22,0.5
410,11,9.22,1,9.22,0.5
410,12,9.22,1,9.22,0.5
410,13,9.22,1,9.22,0.5
410,14,9.22,1,9.22,0.5
410,15,9.22,1,9.22,0.5
410,16,9.22,1,9.22,0.5
410,17,9.22,1,9.22,0.5
410,18,9.22,1,9.22,0.5
410,19,9.22,1,9.22,0.5
410,20,9.22,1,9.22,0.5
410,21,9.22,1,9.22,0.5
410,22,9.22,1,9.22,0.5
410,23,9.22,1,9.22,0.5
410,24,9.22,1,9.22,0.5
410,25,9.22,1,9.22,0.5
410,26,9.22,1,9.22,0.5
410,27,9.22,1,9.22,0.5
410,28,9.22,1,9.22,0.5
410,29,9.22,1,9.22,0.5
410,30,9.22,1,9.22,0.5
410,31,9.22,1,9.22,0.5
410,32,9.22,1,9.22,0.5
410,33,9.22,1,9.22,0.5
410,34,9.22,1,9.22,0.5
410,35,9.22,1,9.22,0.5
410,36,9.22,1,9.22,0.5
410,37,9.22,1,9.22,0.5
410,38,9.22,1,9.22,0.5
410,39,9.22,1,9.22,0.5
410,40,9.22,1,9.22,0.5
410,41,9.22,1,9.22,0.5
410,42,9.22,1,9.22,0.5
410,43,9.22,1,9.22,0.5
410,44,9.22,1,9.22,0.5
410,45,9.22,1,9.22,0.5
410,46,9.22,1,9.22,0.5
410,47,9.22,1,9.22,0.5
410,48,9.22,1,9.22,0.5
410,49,9.22,1,9.22,0.5
410,50,9.22,1,9.22,0.5
410,51,9.22,1,9.22,0.5
410,52,9.22,1,9.22,0.5
501,1,10.02,1,10.02,0.5
501,2,10.02,1,10.02,0.5
501,3,10.02,1,10.02,0.5
501,4,10.02,1,10.02,0.5
501,5,10.02,1,10.02,0.5
501,6,10.02,1,10.02,0.5
501,7,10.02,1,10.02,0.5
501,8,10.02,1,10.02,0.5
501,9,10.02,1,10.02,0.5
501,10,10.02,1,10.02,0.5
501,11,10.02,1,10.02,0.5
501,12,10.02,1,10.02,0.5
501,13,10.02,1,10.02,0.5
501,14,10.02,1,10.02,0.5
501,15,10.02,1,10.02,0.5
501,16,10.02,1,10.02,0.5
501,17,10.02,1,10.02,0.5
501,18,10.02,1,10.02,0.5
501,19,10.02,1,10.02,0.5
501,20,10.02,1,10.02,0.5
501,21,10.02,1,10.02,0.5
501,22,10.02,1,10.02,0.5
501,23,10.02,1,10.02,0.5
501,24,10.02,1,10.02,0.5
501,25,10.02,1,10.02,0.5
501,26,10.02,1,10.02,0.5
501,27,10.02,1,10.02,0.5
501,28,10.02,1,10.02,0.5
501,29,10.02,1,10.02,0.5
501,30,10.02,1,10.02,0.5
501,31,10.02,1,10.02,0.5
501,32,10.02,1,10.02,0.5
501,33,10.02,1,10.02,0.5
501,34,10.02,1,10.02,0.5
501,35,10.02,1,10.02,0.5
501,36,10.02,1,10.02,0.5
501,37,10.02,1,10.02,0.5
501,38,10.02,1,10.02,0.5
501,39,10.02,1,10.02,0.5
501,40,10.02,1,10.02,0.5
501,41,10.02,1,10.02,0.5
501,42,10.02,1,10.02,0.5
501,43,10.02,1,10.02,0.5
501,44,10.02,1,10.02,0.5
501,45,10.02,1,10.02,0.5
501,46,10.02,1,10.02,0.5
501,47,10.02,1,10.02,0.5
501,48,10.02,1,10.02,0.5
501,49,10.02,1,10.02,0.5
501,50,10.02,1,10.02,0.5
501,51,10.02,1,10.02,0.5
501,52,10.02,1,10.02,0.5
502,1,7.03,47,330.41,23.5
502,2,7.03,40,281.2,20.0
502,3,7.03,27,189.81,13.5
502,4,7.03,39,274.17,19.5
502,5,7.03,42,295.26,21.0
502,6,7.03,40,281.2,20.0
502,7,7.03,26,182.78,13.0
502,8,7.03,35,246.05,17.5
502,9,7.03,19,133.57,9.5
502,10,7.03,35,246.05,17.5
502,11,7.03,43,302.29,21.5
502,12,7.03,43,302.29,21.5
502,13,7.03,40,281.2,20.0
502,14,7.03,43,302.29,21.5
502,15,7.03,32,224.96,16.0
502,16,7.03,37,260.11,18.5
502,17,7.03,28,196.84,14.0
502,18,7.03,20,140.6,10.0
502,19,7.03,30,210.9,15.0
502,20,7.03,32,224.96,16.0
502,21,7.03,14,98.42,7.0
502,22,7.03,33,231.99,16.5
502,23,7.03,46,323.38,23.0
502,24,7.03,39,274.17,19.5
502,25,7.03,43,302.29,21.5
502,26,7.03,29,203.87,14.5
502,27,7.03,37,260.11,18.5
502,28,7.03,30,210.9,15.0
502,29,7.03,40,281.2,20.0
502,30,7.03,13,91.39,6.5
502,31,7.03,25,175.75,12.5
502,32,7.03,14,98.42,7.0
502,33,7.03,35,246.05,17.5
502,34,7.03,44,309.32,22.0
502,35,7.03,45,316.35,22.5
502,36,7.03,34,239.02,17.0
502,37,7.03,32,224.96,16.0
502,38,7.03,38,267.14,19.0
502,39,7.03,38,267.14,19.0
502,40,7.03,49,344.47,24.5
502,41,7.03,27,189.81,13.5
502,42,7.03,28,196.84,14.0
502,43,7.03,32,224.96,16.0
502,44,7.03,31,217.93,15.5
502,45,7.03,33,231.99,16.5
502,46,7.03,46,323.38,23.0
502,47,7.03,34,239.02,17.0
502,48,7.03,22,154.66,11.0
502,49,7.03,27,189.81,13.5
502,50,7.03,27,189.81,13.5
502,51,7.03,42,295.26,21.0
502,52,7.03,36,253.08,18.0
503,1,12.19,1,12.19,0.5
503,2,12.19,1,12.19,0.5
503,3,12.19,1,12.19,0.5
503,4,12.19,1,12.19,0.5
503,5,12.19,1,12.19,0.5
503,6,12.19,1,12.19,0.5
503,7,12.19,1,12.19,0.5
503,8,12.19,1,12.19,0.5
503,9,12.19,1,12.19,0.5
503,10,12.19,1,12.19,0.5
503,11,12.19,1,12.19,0.5
503,12,12.19,1,12.19,0.5
503,13,12.19,1,12.19,0.5
503,14,12.19,1,12.19,0.5
503,15,12.19,1,12.19,0.5
503,16,12.19,1,12.19,0.5
503,17,12.19,1,12.19,0.5
503,18,12.19,1,12.19,0.5
503,19,12.19,1,12.19,0.5
503,20,12.19,1,12.19,0.5
503,21,12.19,1,12.19,0.5
503,22,12.19,1,12.19,0.5
503,23,12.19,1,12.19,0.5
503,24,12.19,1,12.19,0.5
503,25,12.19,1,12.19,0.5
503,26,12.19,1,12.19,0.5
503,27,12.19,1,12.19,0.5
503,28,12.19,1,12.19,0.5
503,29,12.19,1,12.19,0.5
503,30,12.19,1,12.19,0.5
503,31,12.19,1,12.19,0.5
503,32,12.19,1,12.19,0.5
503,33,12.19,1,12.19,0.5
503,34,12.19,1,12.19,0.5
503,35,12.19,1,12.19,0.5
503,36,12.19,1,12.19,0.5
503,37,12.19,1,12.19,0.5
503,38,12.19,1,12.19,0.5
503,39,12.19,1,12.19,0.5
503,40,12.19,1,12.19,0.5
503,41,12.19,1,12.19,0.5
503,42,12.19,1,12.19,0.5
503,43,12.19,1,12.19,0.5
503,44,12.19,1,12.19,0.5
503,45,12.19,1,12.19,0.5
503,46,12.19,1,12.19,0.5
503,47,12.19,1,12.19,0.5
503,48,12.19,1,12.19,0.5
503,49,12.19,1,12.19,0.5
503,50,12.19,1,12.19,0.5
503,51,12.19,1,12.19,0.5
503,52,12.19,1,12.19,0.5
504,1,7.31,85,621.35,317.05
504,2,7.03,88,618.64,303.6
504,3,6.37,118,751.66,329.22
504,4,6.45,111,715.95,318.57
504,5,6.2,131,812.2,343.22
504,6,6.08,108,656.64,270.0
504,7,6.32,88,556.16,241.12
504,8,6.1,142,866.2,357.84
504,9,6.87,104,714.48,342.16
504,10,6.62,100,662.0,304.0
504,11,6.72,82,551.04,257.48
504,12,6.36,132,839.52,366.96
504,13,6.5,109,708.5,318.28
504,14,6.26,91,569.66,243.88
504,15,6.35,107,679.45,296.39
504,16,6.56,110,721.6,327.8
504,17,7.03,84,590.52,289.8
504,18,7.01,95,665.95,325.85
504,19,6.74,106,714.44,334.96
504,20,6.34,121,767.14,333.96
504,21,6.21,130,807.3,341.9
504,22,6.13,142,870.46,362.1
504,23,6.4,101,646.4,284.82
504,24,6.67,90,600.3,278.1
504,25,6.89,115,792.35,380.65
504,26,6.52,117,762.84,343.98
504,27,6.68,97,647.96,300.7
504,28,6.76,97,655.72,308.46
504,29,6.07,132,801.24,328.68
504,30,6.24,122,761.28,324.52
504,31,6.45,127,819.15,364.49
504,32,6.08,121,735.68,302.5
504,33,6.67,119,793.73,367.71
504,34,6.38,165,1052.7,462.0
504,35,6.88,107,736.16,353.1
504,36,6.73,150,1009.5,472.5
504,37,6.39,137,875.43,384.97
504,38,6.14,126,773.64,322.56
504,39,6.13,114,698.82,290.7
504,40,6.37,97,617.89,270.63
504,41,6.76,79,534.04,251.22
504,42,6.93,102,706.86,341.7
504,43,6.8,98,666.4,315.56
504,44,7.1,121,859.1,425.92
504,45,5.98,137,819.26,328.8
504,46,5.99,115,688.85,277.15
504,47,5.96,141,840.36,335.58
504,48,6.37,138,879.06,385.02
504,49,6.97,125,871.25,423.75
504,50,6.72,118,792.96,370.52
504,51,6.9,95,655.5,315.4
504,52,6.35,149,946.15,412.73
505,1,7.14,12,85.68,6.0
505,2,7.14,3,21.42,1.5
505,3,7.14,9,64.26,4.5
505,4,7.14,9,64.26,4.5
505,5,7.14,4,28.56,2.0
505,6,7.14,12,85.68,6.0
505,7,7.14,4,28.56,2.0
505,8,7.14,7,49.98,3.5
505,9,7.14,14,99.96,7.0
505,10,7.14,4,28.56,2.0
505,11,7.14,5,35.7,2.5
505,12,7.14,16,114.24,8.0
505,13,7.14,10,71.4,5.0
505,14,7.14,10,71.4,5.0
505,15,7.14,7,49.98,3.5
505,16,7.14,15,107.1,7.5
505,17,7.14,11,78.54,5.5
505,18,7.14,16,114.24,8.0
505,19,7.14,7,49.98,3.5
505,20,7.14,10,71.4,5.0
505,21,7.14,9,64.26,4.5
505,22,7.14,1,7.14,0.5
505,23,7.14,15,107.1,7.5
505,24,7.14,12,85.68,6.0
505,25,7.14,15,107.1,7.5
505,26,7.14,3,21.42,1.5
505,27,7.14,8,57.12,4.0
505,28,7.14,6,42.84,3.0
505,29,7.14,14,99.96,7.0
505,30,7.14,3,21.42,1.5
505,31,7.14,11,78.54,5.5
505,32,7.14,15,107.1,7.5
505,33,7.14,14,99.96,7.0
505,34,7.14,3,21.42,1.5
505,35,7.14,14,99.96,7.0
505,36,7.14,12,85.68,6.0
505,37,7.14,4,28.56,2.0
505,38,7.14,11,78.54,5.5
505,39,7.14,8,57.12,4.0
505,40,7.14,15,107.1,7.5
505,41,7.14,16,114.24,8.0
505,42,7.14,9,64.26,4.5
505,43,7.14,1,7.14,0.5
505,44,7.14,3,21.42,1.5
505,45,7.14,10,71.4,5.0
505,46,7.14,1,7.14,0.5
505,47,7.14,13,92.82,6.5
505,48,7.14,9,64.26,4.5
505,49,7.14,17,121.38,8.5
505,50,7.14,10,71.4,5.0
505,51,7.14,21,149.94,10.5
505,52,7.14,12,85.68,6.0
506,1,12.72,1,12.72,0.5
506,2,12.72,1,12.72,0.5
506,3,12.72,1,12.72,0.5
506,4,12.72,1,12.72,0.5
506,5,12.72,1,12.72,0.5
506,6,12.72,1,12.72,0.5
506,7,12.72,1,12.72,0.5
506,8,12.72,1,12.72,0.5
506,9,12.72,1,12.72,0.5
506,10,12.72,1,12.72,0.5
506,11,12.72,1,12.72,0.5
506,12,12.72,1,12.72,0.5
506,13,12.72,1,12.72,0.5
506,14,12.72,1,12.72,0.5
506,15,12.72,1,12.72,0.5
506,16,12.72,1,12.72,0.5
506,17,12.72,1,12.72,0.5
506,18,12.72,1,12.72,0.5
506,19,12.72,1,12.72,0.5
506,20,12.72,1,12.72,0.5
506,21,12.72,1,12.72,0.5
506,22,12.72,1,12.72,0.5
506,23,12.72,1,12.72,0.5
506,24,12.72,1,12.72,0.5
506,25,12.72,1,12.72,0.5
506,26,12.72,1,12.72,0.5
506,27,12.72,1,12.72,0.5
506,28,12.72,1,12.72,0.5
506,29,12.72,1,12.72,0.5
506,30,12.72,1,12.72,0.5
506,31,12.72,1,12.72,0.5
506,32,12.72,1,12.72,0.5
506,33,12.72,1,12.72,0.5
506,34,12.72,1,12.72,0.5
506,35,12.72,1,12.72,0.5
506,36,12.72,1,12.72,0.5
506,37,12.72,1,12.72,0.5
506,38,12.72,1,12.72,0.5
506,39,12.72,1,12.72,0.5
506,40,12.72,1,12.72,0.5
506,41,12.72,1,12.72,0.5
506,42,12.72,1,12.72,0.5
506,43,12.72,1,12.72,0.5
506,44,12.72,1,12.72,0.5
506,45,12.72,1,12.72,0.5
506,46,12.72,1,12.72,0.5
506,47,12.72,1,12.72,0.5
506,48,12.72,1,12.72,0.5
506,49,12.72,1,12.72,0.5
506,50,12.72,1,12.72,0.5
506,51,12.72,1,12.72,0.5
506,52,12.72,1,12.72,0.5
507,1,6.71,58,389.18,29.0
507,2,6.71,74,496.54,37.0
507,3,6.71,80,536.8,40.0
507,4,6.71,75,503.25,37.5
507,5,6.71,76,509.96,38.0
507,6,6.71,74,496.54,37.0
507,7,6.71,75,503.25,37.5
507,8,6.71,109,731.39,54.5
507,9,6.71,54,362.34,27.0
507,10,6.71,81,543.51,40.5
507,11,6.71,65,436.15,32.5
507,12,6.71,85,570.35,42.5
507,13,6.71,67,449.57,33.5
507,14,6.71,72,483.12,36.0
507,15,6.71,64,429.44,32.0
507,16,6.71,73,489.83,36.5
507,17,6.71,75,503.25,37.5
507,18,6.71,85,570.35,42.5
507,19,6.71,80,536.8,40.0
507,20,6.71,74,496.54,37.0
507,21,6.71,84,563.64,42.0
507,22,6.71,64,429.44,32.0
507,23,6.71,81,543.51,40.5
507,24,6.71,68,456.28,34.0
507,25,6.71,75,503.25,37.5
507,26,6.71,70,469.7,35.0
507,27,6.71,78,523.38,39.0
507,28,6.71,61,409.31,30.5
507,29,6.71,66,442.86,33.0
507,30,6.71,73,489.83,36.5
507,31,6.71,115,771.65,57.5
507,32,6.71,57,382.47,28.5
507,33,6.71,44,295.24,22.0
507,34,6.71,74,496.54,37.0
507,35,6.71,87,583.77,43.5
507,36,6.71,71,476.41,35.5
507,37,6.71,58,389.18,29.0
507,38,6.71,55,369.05,27.5
507,39,6.71,59,395.89,29.5
507,40,6.71,99,664.29,49.5
507,41,6.71,47,315.37,23.5
507,42,6.71,74,496.54,37.0
507,43,6.71,67,449.57,33.5
507,44,6.71,79,530.09,39.5
507,45,6.71,46,308.66,23.0
507,46,6.71,76,509.96,38.0
507,47,6.71,98,657.58,49.0
507,48,6.71,73,489.83,36.5
507,49,6.71,65,436.15,32.5
507,50,6.71,67,449.57,33.5
507,51,6.71,69,462.99,34.5
507,52,6.71,86,577.06,43.0
508,1,13.09,1,13.09,0.5
508,2,13.09,1,13.09,0.5
508,3,13.09,1,13.09,0.5
508,4,13.09,1,13.09,0.5
508,5,13.09,1,13.09,0.5
508,6,13.09,1,13.09,0.5
508,7,13.09,1,13.09,0.5
508,8,13.09,1,13.09,0.5
508,9,13.09,1,13.09,0.5
508,10,13.09,1,13.09,0.5
508,11,13.09,1,13.09,0.5
508,12,13.09,1,13.09,0.5
508,13,13.09,1,13.09,0.5
508,14,13.09,1,13.09,0.5
508,15,13.09,1,13.09,0.5
508,16,13.09,1,13.09,0.5
508,17,13.09,1,13.09,0.5
508,18,13.09,1,13.09,0.5
508,19,13.09,1,13.09,0.5
508,20,13.09,1,13.09,0.5
508,21,13.09,1,13.09,0.5
508,22,13.09,1,13.09,0.5
508,23,13.09,1,13.09,0.5
508,24,13.09,1,13.09,0.5
508,25,13.09,1,13.09,0.5
508,26,13.09,1,13.09,0.5
508,27,13.09,1,13.09,0.5
508,28,13.09,1,13.09,0.5
508,29,13.09,1,13.09,0.5
508,30,13.09,1,13.09,0.5
508,31,13.09,1,13.09,0.5
508,32,13.09,1,13.09,0.5
508,33,13.09,1,13.09,0.5
508,34,13.09,1,13.09,0.5
508,35,13.09,1,13.09,0.5
508,36,13.09,1,13.09,0.5
508,37,13.09,1,13.09,0.5
508,38,13.09,1,13.09,0.5
508,39,13.09,1,13.09,0.5
508,40,13.09,1,13.09,0.5
508,41,13.09,1,13.09,0.5
508,42,13.09,1,13.09,0.5
508,43,13.09,1,13.09,0.5
508,44,13.09,1,13.09,0.5
508,45,13.09,1,13.09,0.5
508,46,13.09,1,13.09,0.5
508,47,13.09,1,13.09,0.5
508,48,13.09,1,13.09,0.5
508,49,13.09,1,13.09,0.5
508,50,13.09,1,13.09,0.5
508,51,13.09,1,13.09,0.5
508,52,13.09,1,13.09,0.5
509,1,8.97,30,269.1,15.0
509,2,8.97,18,161.46,9.0
509,3,8.97,17,152.49,8.5
509,4,8.97,31,278.07,15.5
509,5,8.97,25,224.25,12.5
509,6,8.97,22,197.34,11.0
509,7,8.97,22,197.34,11.0
509,8,8.97,27,242.19,13.5
509,9,8.97,16,143.52,8.0
509,10,8.97,25,224.25,12.5
509,11,8.97,23,206.31,11.5
509,12,8.97,25,224.25,12.5
509,13,8.97,13,116.61,6.5
509,14,8.97,22,197.34,11.0
509,15,8.97,31,278.07,15.5
509,16,8.97,20,179.4,10.0
509,17,8.97,19,170.43,9.5
509,18,8.97,28,251.16,14.0
509,19,8.97,26,233.22,13.0
509,20,8.97,20,179.4,10.0
509,21,8.97,34,304.98,17.0
509,22,8.97,10,89.7,5.0
509,23,8.97,24,215.28,12.0
509,24,8.97,26,233.22,13.0
509,25,8.97,31,278.07,15.5
509,26,8.97,29,260.13,14.5
509,27,8.97,18,161.46,9.0
509,28,8.97,22,197.34,11.0
509,29,8.97,24,215.28,12.0
509,30,8.97,18,161.46,9.0
509,31,8.97,14,125.58,7.0
509,32,8.97,22,197.34,11.0
509,33,8.97,33,296.01,16.5
509,34,8.97,16,143.52,8.0
509,35,8.97,23,206.31,11.5
509,36,8.97,28,251.16,14.0
509,37,8.97,9,80.73,4.5
509,38,8.97,20,179.4,10.0
509,39,8.97,20,179.4,10.0
509,40,8.97,34,304.98,17.0
509,41,8.97,24,215.28,12.0
509,42,8.97,14,125.58,7.0
509,43,8.97,10,89.7,5.0
509,44,8.97,25,224.25,12.5
509,45,8.97,24,215.28,12.0
509,46,8.97,29,260.13,14.5
509,47,8.97,28,251.16,14.0
509,48,8.97,25,224.25,12.5
509,49,8.97,21,188.37,10.5
509,50,8.97,24,215.28,12.0
509,51,8.97,24,215.28,12.0
509,52,8.97,31,278.07,15.5
510,1,5.44,98,533.12,49.0
510,2,5.44,75,408.0,37.5
510,3,5.44,95,516.8,47.5
510,4,5.44,92,500.48,46.0
510,5,5.44,55,299.2,27.5
510,6,5.44,66,359.04,33.0
510,7,5.44,66,359.04,33.0
510,8,5.44,81,440.64,40.5
510,9,5.44,92,500.48,46.0
510,10,5.44,82,446.08,41.0
510,11,5.44,58,315.52,29.0
510,12,5.44,74,402.56,37.0
510,13,5.44,78,424.32,39.0
510,14,5.44,74,402.56,37.0
510,15,5.44,99,538.56,49.5
510,16,5.44,82,446.08,41.0
510,17,5.44,74,402.56,37.0
510,18,5.44,75,408.0,37.5
510,19,5.44,80,435.2,40.0
510,20,5.44,108,587.52,54.0
510,21,5.44,63,342.72,31.5
510,22,5.44,84,456.96,42.0
510,23,5.44,67,364.48,33.5
510,24,5.44,102,554.88,51.0
510,25,5.44,79,429.76,39.5
510,26,5.44,80,435.2,40.0
510,27,5.44,92,500.48,46.0
510,28,5.44,72,391.68,36.0
510,29,5.44,82,446.08,41.0
510,30,5.44,86,467.84,43.0
510,31,5.44,84,456.96,42.0
510,32,5.44,88,478.72,44.0
510,33,5.44,76,413.44,38.0
510,34,5.44,106,576.64,53.0
510,35,5.44,82,446.08,41.0
510,36,5.44,98,533.12,49.0
510,37,5.44,89,484.16,44.5
510,38,5.44,83,451.52,41.5
510,39,5.44,93,505.92,46.5
510,40,5.44,89,484.16,44.5
510,41,5.44,77,418.88,38.5
510,42,5.44,97,527.68,48.5
510,43,5.44,112,609.28,56.0
510,44,5.44,65,353.6,32.5
510,45,5.44,73,397.12,36.5
510,46,5.44,105,571.2,52.5
510,47,5.44,90,489.6,45.0
510,48,5.44,63,342.72,31.5
510,49,5.44,95,516.8,47.5
510,50,5.44,47,255.68,23.5
510,51,5.44,81,440.64,40.5
510,52,5.44,93,505.92,46.5
